PartID,VehicleID,PartName,Category,Condition,SalePrice,RemovalDate
1,74,Door Part,Door,Good,137.39,2021-04-04
2,85,Tire Part,Tire,New,135.59,2021-01-26
3,29,Seat Part,Seat,Good,184.91,2021-07-18
4,59,Seat Part,Seat,Poor,232.05,2021-07-21
5,121,Engine Part,Engine,Good,215.85,2021-06-10
6,41,Seat Part,Seat,Used,153.41,2021-03-15
7,27,Window Part,Window,Used,216.79,2021-08-04
8,147,Mirror Part,Mirror,New,241.92,2021-02-05
9,130,Axle Part,Axle,Used,174.32,2021-05-04
10,125,Engine Part,Engine,Good,134.59,2021-12-28
11,8,Transmission Part,Transmission,Poor,246.02,2021-07-26
12,36,Wheel Part,Wheel,Used,125.12,2021-06-14
13,86,Transmission Part,Transmission,Good,156.9,2021-08-07
14,22,Mirror Part,Mirror,Poor,116.34,2021-12-17
15,93,Tire Part,Tire,Good,189.36,2021-09-07
16,11,Seat Part,Seat,New,175.92,2021-06-03
17,76,Seat Part,Seat,Used,144.48,2021-08-09
18,61,Mirror Part,Mirror,Good,157.81,2021-04-21
19,23,Tire Part,Tire,Used,240.52,2021-07-19
20,75,Battery Part,Battery,Used,164.12,2021-12-21
21,88,Tire Part,Tire,Poor,114.08,2021-08-08
22,58,Wheel Part,Wheel,Good,195.68,2021-07-09
23,121,Battery Part,Battery,Poor,222.51,2021-06-03
24,84,Engine Part,Engine,New,134.86,2021-08-17
25,48,Window Part,Window,New,219.44,2021-07-17
26,38,Engine Part,Engine,Used,175.09,2021-08-26
27,63,Transmission Part,Transmission,Used,214.47,2021-07-25
28,8,Window Part,Window,Good,114.63,2021-11-12
29,73,Engine Part,Engine,Used,215.85,2021-01-18
30,31,Door Part,Door,Good,146.17,2021-06-03
31,115,Transmission Part,Transmission,New,245.21,2021-08-23
32,114,Wheel Part,Wheel,Good,212.2,2021-11-05
33,76,Door Part,Door,Poor,246.3,2021-11-18
34,1,Seat Part,Seat,Used,183.52,2021-12-26
35,7,Window Part,Window,Poor,124.73,2021-07-18
36,7,Seat Part,Seat,New,163.11,2021-01-04
37,149,Seat Part,Seat,Good,225.24,2021-02-06
38,136,Engine Part,Engine,Good,222.76,2021-10-07
39,43,Transmission Part,Transmission,Good,177.17,2021-08-20
40,98,Tire Part,Tire,Good,159.54,2021-07-12
41,57,Mirror Part,Mirror,Poor,110.67,2021-03-23
42,42,Battery Part,Battery,Used,184.58,2021-06-11
43,121,Engine Part,Engine,New,146.99,2021-06-03
44,94,Transmission Part,Transmission,Good,129.36,2021-05-10
45,106,Wheel Part,Wheel,Poor,172.43,2021-06-16
46,110,Transmission Part,Transmission,Poor,209.33,2021-03-19
47,104,Tire Part,Tire,New,106.22,2021-11-15
48,105,Wheel Part,Wheel,Poor,130.22,2021-07-06
49,6,Engine Part,Engine,Good,232.65,2021-01-22
50,11,Door Part,Door,Poor,236.44,2021-07-01
51,11,Tire Part,Tire,Poor,141.74,2021-05-10
52,126,Engine Part,Engine,New,230.2,2021-02-13
53,88,Mirror Part,Mirror,Good,193.85,2021-12-10
54,137,Wheel Part,Wheel,New,217.1,2021-08-17
55,19,Battery Part,Battery,New,193.3,2021-06-27
56,21,Engine Part,Engine,New,161.19,2021-08-14
57,108,Tire Part,Tire,Used,227.02,2021-05-28
58,104,Window Part,Window,Good,155.85,2021-06-13
59,68,Door Part,Door,Poor,129.24,2021-11-11
60,72,Engine Part,Engine,Poor,141.97,2021-12-19
61,134,Tire Part,Tire,Good,233.7,2021-06-04
62,32,Transmission Part,Transmission,Good,178.49,2021-06-17
63,66,Tire Part,Tire,Used,223.56,2021-01-09
64,104,Door Part,Door,New,178.05,2021-06-13
65,92,Tire Part,Tire,Good,227.58,2021-06-22
66,53,Window Part,Window,Good,228.81,2021-07-23
67,35,Engine Part,Engine,New,193.94,2021-08-07
68,144,Engine Part,Engine,Used,222.91,2021-08-11
69,8,Wheel Part,Wheel,Poor,118.44,2021-08-24
70,8,Engine Part,Engine,New,201.55,2021-11-17
71,110,Wheel Part,Wheel,New,176.18,2021-07-22
72,126,Battery Part,Battery,Good,123.46,2021-06-19
73,122,Window Part,Window,Good,113.16,2021-08-19
74,75,Tire Part,Tire,Poor,158.29,2021-11-27
75,132,Wheel Part,Wheel,Good,198.96,2021-01-17
76,24,Window Part,Window,Poor,211.35,2021-06-05
77,91,Transmission Part,Transmission,Poor,175.98,2021-09-01
78,139,Seat Part,Seat,Poor,184.94,2021-06-22
79,2,Seat Part,Seat,New,181.44,2021-06-12
80,10,Transmission Part,Transmission,Used,189.06,2021-08-21
81,138,Tire Part,Tire,Used,172.77,2021-03-01
82,106,Wheel Part,Wheel,Used,134.6,2021-03-10
83,125,Window Part,Window,Used,204.72,2021-07-04
84,86,Transmission Part,Transmission,Poor,171.49,2021-05-23
85,133,Battery Part,Battery,New,190.21,2021-11-21
86,91,Seat Part,Seat,Used,185.58,2021-02-18
87,39,Window Part,Window,Used,206.92,2021-08-10
88,54,Tire Part,Tire,Used,213.09,2021-06-04
89,50,Door Part,Door,Good,121.29,2021-07-14
90,131,Wheel Part,Wheel,Used,205.96,2021-07-15
91,112,Door Part,Door,Used,169.35,2021-07-04
92,118,Axle Part,Axle,Used,249.17,2021-07-26
93,99,Seat Part,Seat,Poor,112.41,2021-08-20
94,132,Tire Part,Tire,Used,144.94,2021-08-11
95,1,Door Part,Door,Good,217.59,2021-04-27
96,54,Seat Part,Seat,Poor,135.35,2021-07-04
97,88,Axle Part,Axle,Good,167.21,2021-07-24
98,48,Wheel Part,Wheel,New,178.61,2021-08-09
99,149,Wheel Part,Wheel,Poor,119.11,2021-07-20
100,104,Mirror Part,Mirror,Good,209.75,2021-08-26
101,38,Axle Part,Axle,Used,229.42,2021-07-23
102,97,Tire Part,Tire,Poor,209.74,2021-07-04
103,56,Mirror Part,Mirror,Poor,175.89,2021-08-14
104,54,Door Part,Door,Poor,195.11,2021-06-24
105,144,Door Part,Door,Good,103.72,2021-06-09
106,144,Transmission Part,Transmission,Good,186.86,2021-06-05
107,122,Wheel Part,Wheel,Good,179.51,2021-06-04
108,138,Tire Part,Tire,Poor,152.93,2021-02-18
109,11,Battery Part,Battery,New,172.25,2021-06-22
110,96,Window Part,Window,Used,100.84,2021-09-05
111,28,Tire Part,Tire,Good,118.0,2021-06-07
112,43,Mirror Part,Mirror,New,154.02,2021-06-25
113,142,Battery Part,Battery,Good,197.02,2021-11-09
114,29,Tire Part,Tire,New,194.23,2021-07-16
115,34,Engine Part,Engine,New,110.28,2021-04-10
116,122,Wheel Part,Wheel,New,230.28,2021-06-09
117,17,Mirror Part,Mirror,Used,187.27,2021-08-18
118,92,Door Part,Door,Poor,167.67,2021-09-22
119,105,Engine Part,Engine,New,110.85,2021-06-17
120,61,Engine Part,Engine,New,121.7,2021-05-09
121,54,Axle Part,Axle,Good,232.22,2021-04-25
122,17,Transmission Part,Transmission,Good,182.09,2021-08-12
123,22,Wheel Part,Wheel,New,241.65,2021-12-23
124,113,Axle Part,Axle,New,165.44,2021-07-21
125,49,Battery Part,Battery,Good,235.18,2021-07-28
126,90,Seat Part,Seat,New,138.05,2021-09-03
127,107,Transmission Part,Transmission,New,187.62,2021-07-14
128,90,Window Part,Window,New,177.78,2021-08-10
129,143,Battery Part,Battery,Poor,206.19,2021-07-06
130,111,Mirror Part,Mirror,Good,199.75,2021-05-03
131,92,Door Part,Door,Poor,174.69,2021-07-27
132,49,Axle Part,Axle,Used,208.75,2021-09-28
133,49,Door Part,Door,Poor,105.82,2021-08-13
134,53,Axle Part,Axle,Poor,136.08,2021-01-08
135,84,Wheel Part,Wheel,Poor,163.67,2021-06-01
136,59,Window Part,Window,Used,126.08,2021-07-04
137,82,Seat Part,Seat,New,149.53,2021-08-02
138,53,Tire Part,Tire,Good,198.86,2021-08-04
139,55,Mirror Part,Mirror,New,209.88,2021-06-05
140,70,Seat Part,Seat,Used,156.14,2021-06-19
141,37,Tire Part,Tire,Used,221.12,2021-12-21
142,82,Window Part,Window,Used,217.75,2021-06-02
143,97,Seat Part,Seat,New,190.54,2021-06-17
144,31,Tire Part,Tire,Good,160.09,2021-06-27
145,95,Door Part,Door,Used,119.57,2021-08-28
146,102,Seat Part,Seat,Used,201.7,2021-06-17
147,77,Tire Part,Tire,Good,105.85,2021-02-13
148,76,Tire Part,Tire,Used,241.21,2021-08-03
149,143,Transmission Part,Transmission,New,173.72,2021-06-18
150,21,Mirror Part,Mirror,Used,154.13,2021-12-06
151,28,Mirror Part,Mirror,New,124.21,2021-06-28
152,104,Axle Part,Axle,New,207.3,2021-04-24
153,15,Door Part,Door,New,188.46,2021-03-01
154,20,Axle Part,Axle,Good,114.56,2021-06-15
155,19,Door Part,Door,Poor,194.64,2021-07-07
156,60,Axle Part,Axle,New,209.5,2021-08-15
157,110,Transmission Part,Transmission,Good,110.16,2021-05-15
158,92,Wheel Part,Wheel,New,171.63,2021-07-15
159,19,Mirror Part,Mirror,Used,176.47,2021-06-07
160,2,Door Part,Door,Poor,191.68,2021-08-03
161,12,Axle Part,Axle,Good,158.36,2021-03-05
162,119,Wheel Part,Wheel,Used,172.92,2021-02-26
163,21,Door Part,Door,Used,171.25,2021-03-22
164,98,Door Part,Door,Poor,209.19,2021-07-17
165,40,Mirror Part,Mirror,New,232.76,2021-10-01
166,2,Window Part,Window,Used,237.63,2021-03-04
167,132,Axle Part,Axle,New,171.2,2021-07-28
168,29,Mirror Part,Mirror,Poor,233.39,2021-05-14
169,89,Battery Part,Battery,Poor,170.1,2021-07-24
170,50,Window Part,Window,Used,102.15,2021-09-21
171,111,Battery Part,Battery,Poor,228.16,2021-08-03
172,74,Tire Part,Tire,New,205.46,2021-03-05
173,146,Window Part,Window,New,230.04,2021-09-13
174,34,Tire Part,Tire,Poor,210.84,2021-02-21
175,122,Window Part,Window,Poor,104.33,2021-08-06
176,87,Door Part,Door,Good,215.82,2021-07-19
177,55,Mirror Part,Mirror,New,179.06,2021-12-15
178,25,Seat Part,Seat,Good,139.75,2021-07-10
179,106,Battery Part,Battery,New,125.53,2021-12-12
180,134,Mirror Part,Mirror,New,189.32,2021-07-16
181,16,Door Part,Door,Used,155.2,2021-09-13
182,145,Seat Part,Seat,Poor,234.27,2021-04-09
183,57,Axle Part,Axle,Good,143.46,2021-06-19
184,92,Window Part,Window,Used,205.06,2021-06-03
185,11,Axle Part,Axle,Poor,239.81,2021-07-21
186,134,Window Part,Window,Used,221.82,2021-08-21
187,42,Mirror Part,Mirror,Used,214.87,2021-12-05
188,34,Axle Part,Axle,Poor,168.82,2021-09-26
189,56,Engine Part,Engine,Used,169.63,2021-08-12
190,111,Battery Part,Battery,Good,223.25,2021-12-27
191,43,Tire Part,Tire,Used,208.41,2021-09-19
192,82,Transmission Part,Transmission,Poor,134.94,2021-08-15
193,124,Wheel Part,Wheel,New,237.98,2021-08-07
194,21,Window Part,Window,Poor,100.24,2021-09-13
195,20,Tire Part,Tire,Poor,115.52,2021-08-21
196,22,Tire Part,Tire,New,153.62,2021-06-12
197,34,Door Part,Door,Good,226.53,2021-07-21
198,104,Transmission Part,Transmission,Poor,241.16,2021-08-27
199,38,Engine Part,Engine,Used,131.78,2021-06-04
200,19,Battery Part,Battery,Good,144.17,2021-07-16
201,62,Wheel Part,Wheel,Good,185.96,2021-02-25
202,130,Axle Part,Axle,Good,216.33,2021-10-06
203,43,Seat Part,Seat,Poor,180.85,2021-07-26
204,104,Engine Part,Engine,Poor,229.03,2021-08-16
205,57,Transmission Part,Transmission,Poor,236.04,2021-12-03
206,116,Battery Part,Battery,Used,174.3,2021-09-24
207,150,Battery Part,Battery,Poor,222.7,2021-06-18
208,74,Window Part,Window,Used,126.13,2021-01-09
209,143,Battery Part,Battery,Used,154.04,2021-07-11
210,34,Engine Part,Engine,Poor,241.06,2021-08-12
211,52,Axle Part,Axle,Used,108.95,2021-08-20
212,92,Door Part,Door,Good,101.66,2021-10-12
213,114,Engine Part,Engine,Used,201.4,2021-01-11
214,29,Wheel Part,Wheel,New,238.88,2021-06-17
215,108,Wheel Part,Wheel,Good,194.9,2021-08-14
216,96,Tire Part,Tire,Used,238.85,2021-06-13
217,113,Door Part,Door,Used,141.95,2021-07-10
218,15,Wheel Part,Wheel,Good,234.81,2021-12-04
219,86,Window Part,Window,New,246.15,2021-01-25
220,140,Transmission Part,Transmission,Poor,182.35,2021-08-20
221,120,Door Part,Door,Poor,234.36,2021-03-08
222,20,Mirror Part,Mirror,New,169.13,2021-06-06
223,136,Seat Part,Seat,New,138.28,2021-10-06
224,145,Battery Part,Battery,New,249.69,2021-02-04
225,1,Door Part,Door,Poor,136.43,2021-03-14
226,35,Wheel Part,Wheel,Poor,248.16,2021-06-08
227,100,Tire Part,Tire,Poor,207.08,2021-10-01
228,19,Transmission Part,Transmission,Poor,237.32,2021-11-05
229,1,Engine Part,Engine,Used,163.6,2021-07-02
230,84,Window Part,Window,New,219.44,2021-07-17
231,25,Window Part,Window,New,140.94,2021-06-06
232,46,Mirror Part,Mirror,New,180.08,2021-08-28
233,62,Engine Part,Engine,New,137.84,2021-06-13
234,118,Axle Part,Axle,Good,242.49,2021-08-08
235,70,Seat Part,Seat,Good,124.7,2021-06-21
236,10,Axle Part,Axle,New,162.17,2021-09-06
237,88,Wheel Part,Wheel,Used,147.78,2021-03-19
238,140,Wheel Part,Wheel,New,127.48,2021-08-03
239,125,Axle Part,Axle,Used,249.84,2021-05-07
240,140,Wheel Part,Wheel,Poor,151.58,2021-03-28
241,136,Mirror Part,Mirror,Poor,104.77,2021-07-20
242,14,Mirror Part,Mirror,Good,121.75,2021-08-07
243,17,Tire Part,Tire,Used,167.29,2021-08-12
244,9,Engine Part,Engine,Poor,185.88,2021-07-03
245,82,Mirror Part,Mirror,Poor,170.19,2021-10-02
246,53,Axle Part,Axle,Good,178.62,2021-04-22
247,24,Axle Part,Axle,Used,231.92,2021-12-22
248,44,Door Part,Door,Poor,123.01,2021-07-01
249,114,Transmission Part,Transmission,Good,205.0,2021-07-21
250,109,Battery Part,Battery,Used,189.77,2021-06-02
251,74,Transmission Part,Transmission,Used,190.34,2021-06-06
252,99,Window Part,Window,Good,108.46,2021-02-07
253,83,Transmission Part,Transmission,Poor,144.86,2021-08-14
254,134,Wheel Part,Wheel,New,208.65,2021-07-28
255,138,Transmission Part,Transmission,Poor,162.46,2021-09-22
256,30,Engine Part,Engine,Used,161.77,2021-06-06
257,86,Tire Part,Tire,Good,147.22,2021-08-17
258,126,Transmission Part,Transmission,Used,187.88,2021-06-14
259,82,Axle Part,Axle,Good,166.93,2021-09-28
260,132,Axle Part,Axle,New,170.62,2021-01-07
261,8,Door Part,Door,Used,201.28,2021-01-21
262,149,Axle Part,Axle,Poor,132.06,2021-04-23
263,111,Engine Part,Engine,New,176.64,2021-06-21
264,60,Mirror Part,Mirror,Used,100.89,2021-06-02
265,111,Window Part,Window,New,219.56,2021-04-27
266,107,Engine Part,Engine,New,189.29,2021-07-23
267,92,Mirror Part,Mirror,Poor,230.77,2021-06-06
268,99,Transmission Part,Transmission,Used,163.42,2021-03-05
269,22,Axle Part,Axle,Poor,209.1,2021-08-18
270,150,Seat Part,Seat,Poor,193.82,2021-01-02
271,52,Seat Part,Seat,Good,162.8,2021-06-07
272,51,Engine Part,Engine,Poor,105.87,2021-05-26
273,47,Tire Part,Tire,Good,153.96,2021-07-28
274,51,Window Part,Window,New,150.75,2021-09-06
275,32,Battery Part,Battery,New,121.18,2021-11-23
276,91,Axle Part,Axle,Poor,139.08,2021-06-23
277,29,Battery Part,Battery,Used,211.36,2021-06-08
278,2,Wheel Part,Wheel,Poor,197.27,2021-03-21
279,84,Seat Part,Seat,Poor,215.14,2021-07-09
280,148,Door Part,Door,Used,140.89,2021-06-15
281,76,Transmission Part,Transmission,New,200.28,2021-07-26
282,110,Window Part,Window,Good,143.89,2021-03-03
283,72,Seat Part,Seat,Good,247.21,2021-08-11
284,22,Transmission Part,Transmission,Good,162.85,2021-07-17
285,113,Axle Part,Axle,Poor,163.85,2021-08-08
286,12,Window Part,Window,Used,222.85,2021-07-14
287,21,Mirror Part,Mirror,Used,138.91,2021-07-23
288,98,Tire Part,Tire,New,156.74,2021-07-17
289,148,Engine Part,Engine,Used,219.62,2021-02-15
290,146,Axle Part,Axle,Poor,117.67,2021-07-28
291,60,Engine Part,Engine,Poor,130.41,2021-08-10
292,64,Axle Part,Axle,Poor,231.4,2021-04-17
293,86,Mirror Part,Mirror,New,104.54,2021-12-16
294,108,Tire Part,Tire,Good,198.34,2021-06-25
295,15,Mirror Part,Mirror,Good,160.85,2021-06-25
296,139,Battery Part,Battery,Poor,148.94,2021-08-13
297,145,Window Part,Window,New,233.58,2021-03-07
298,83,Battery Part,Battery,Used,173.13,2021-08-23
299,13,Axle Part,Axle,Good,132.71,2021-02-25
300,110,Wheel Part,Wheel,Used,244.74,2021-12-28
301,46,Battery Part,Battery,Good,218.44,2021-06-24
302,146,Window Part,Window,Good,153.49,2021-03-10
303,116,Battery Part,Battery,Used,106.39,2021-06-11
304,38,Seat Part,Seat,Used,183.05,2021-05-10
305,148,Wheel Part,Wheel,New,163.23,2021-09-11
306,95,Tire Part,Tire,New,127.32,2021-10-01
307,83,Wheel Part,Wheel,Poor,162.26,2021-04-09
308,21,Axle Part,Axle,Good,233.4,2021-02-14
309,32,Seat Part,Seat,Poor,180.27,2021-08-14
310,103,Seat Part,Seat,Good,198.23,2021-12-10
311,144,Seat Part,Seat,Used,225.7,2021-12-16
312,52,Door Part,Door,Poor,122.97,2021-07-20
313,119,Seat Part,Seat,Good,115.02,2021-02-13
314,78,Window Part,Window,New,182.72,2021-09-16
315,13,Transmission Part,Transmission,Good,185.34,2021-07-17
316,99,Wheel Part,Wheel,Poor,207.43,2021-11-11
317,65,Mirror Part,Mirror,Used,206.22,2021-06-17
318,81,Tire Part,Tire,Used,168.47,2021-06-11
319,45,Window Part,Window,Good,127.82,2021-06-13
320,137,Window Part,Window,Good,240.65,2021-01-25
321,122,Wheel Part,Wheel,Poor,162.42,2021-07-08
322,55,Engine Part,Engine,Used,140.22,2021-09-14
323,72,Axle Part,Axle,Poor,150.4,2021-08-20
324,9,Door Part,Door,New,223.81,2021-06-19
325,114,Axle Part,Axle,Poor,210.51,2021-03-12
326,107,Axle Part,Axle,New,143.69,2021-07-07
327,35,Wheel Part,Wheel,Used,204.82,2021-01-25
328,91,Seat Part,Seat,Poor,193.68,2021-08-14
329,53,Tire Part,Tire,Used,100.33,2021-11-15
330,125,Tire Part,Tire,New,139.68,2021-09-02
331,68,Battery Part,Battery,Used,203.16,2021-08-20
332,52,Transmission Part,Transmission,Used,207.61,2021-08-19
333,19,Transmission Part,Transmission,Used,232.9,2021-02-23
334,44,Window Part,Window,Good,120.05,2021-12-27
335,35,Wheel Part,Wheel,Good,215.45,2021-08-24
336,48,Engine Part,Engine,Used,247.14,2021-02-17
337,9,Engine Part,Engine,Used,131.32,2021-07-24
338,75,Mirror Part,Mirror,Used,159.45,2021-08-24
339,18,Door Part,Door,Used,169.1,2021-09-12
340,58,Door Part,Door,New,233.78,2021-07-18
341,145,Mirror Part,Mirror,Poor,240.16,2021-12-18
342,64,Mirror Part,Mirror,Used,240.74,2021-06-13
343,19,Battery Part,Battery,New,130.4,2021-07-09
344,55,Tire Part,Tire,Used,177.32,2021-03-24
345,46,Door Part,Door,Used,197.23,2021-07-08
346,127,Wheel Part,Wheel,Poor,168.43,2021-07-27
347,136,Window Part,Window,Poor,147.18,2021-08-20
348,106,Transmission Part,Transmission,Poor,167.22,2021-07-25
349,61,Wheel Part,Wheel,New,191.27,2021-09-16
350,129,Mirror Part,Mirror,New,127.07,2021-02-20
351,133,Window Part,Window,Used,180.42,2021-11-09
352,137,Axle Part,Axle,Good,134.87,2021-11-03
353,96,Mirror Part,Mirror,New,203.37,2021-04-08
354,105,Battery Part,Battery,Used,160.09,2021-06-28
355,5,Engine Part,Engine,Good,249.07,2021-07-05
356,16,Transmission Part,Transmission,Used,200.45,2021-08-12
357,60,Axle Part,Axle,Used,219.21,2021-05-06
358,67,Transmission Part,Transmission,Poor,142.92,2021-10-16
359,35,Transmission Part,Transmission,Used,202.75,2021-08-03
360,105,Tire Part,Tire,Used,204.79,2021-09-13
361,19,Wheel Part,Wheel,Used,242.77,2021-06-17
362,92,Wheel Part,Wheel,Good,198.94,2021-01-10
363,31,Axle Part,Axle,Used,194.88,2021-08-02
364,131,Wheel Part,Wheel,New,133.5,2021-06-06
365,48,Mirror Part,Mirror,Poor,113.94,2021-08-03
366,11,Wheel Part,Wheel,Used,199.78,2021-07-03
367,49,Tire Part,Tire,Used,214.33,2021-10-12
368,142,Axle Part,Axle,Good,142.98,2021-07-12
369,91,Transmission Part,Transmission,Good,214.46,2021-04-16
370,112,Seat Part,Seat,Used,142.81,2021-10-04
371,70,Door Part,Door,Good,186.97,2021-06-05
372,96,Door Part,Door,New,142.36,2021-08-19
373,31,Axle Part,Axle,Good,132.69,2021-08-11
374,27,Axle Part,Axle,Used,249.38,2021-01-14
375,14,Transmission Part,Transmission,New,193.44,2021-06-16
376,129,Axle Part,Axle,Poor,144.54,2021-07-26
377,77,Tire Part,Tire,Used,209.79,2021-07-22
378,56,Battery Part,Battery,Used,117.99,2021-02-20
379,47,Wheel Part,Wheel,Poor,243.14,2021-07-18
380,74,Window Part,Window,Good,198.01,2021-09-11
381,131,Window Part,Window,Poor,204.03,2021-08-21
382,142,Tire Part,Tire,New,187.24,2021-06-13
383,45,Door Part,Door,Poor,219.94,2021-04-10
384,98,Door Part,Door,Poor,242.99,2021-06-16
385,130,Window Part,Window,Used,167.06,2021-08-18
386,146,Tire Part,Tire,Poor,149.3,2021-10-24
387,10,Engine Part,Engine,New,207.49,2021-07-23
388,83,Seat Part,Seat,Used,113.93,2021-02-12
389,108,Axle Part,Axle,Poor,219.51,2021-07-01
390,142,Battery Part,Battery,Good,111.82,2021-08-14
391,136,Window Part,Window,New,205.78,2021-02-24
392,114,Seat Part,Seat,Used,193.89,2021-06-22
393,50,Tire Part,Tire,Poor,171.1,2021-06-03
394,15,Axle Part,Axle,New,113.28,2021-12-09
395,29,Window Part,Window,Used,164.21,2021-11-21
396,28,Seat Part,Seat,Poor,178.28,2021-01-03
397,123,Wheel Part,Wheel,Used,173.38,2021-07-28
398,107,Axle Part,Axle,Good,123.16,2021-11-11
399,133,Wheel Part,Wheel,Poor,194.98,2021-07-18
400,52,Tire Part,Tire,Poor,138.76,2021-06-22
401,104,Window Part,Window,Used,197.88,2021-12-05
402,133,Door Part,Door,New,141.83,2021-06-03
403,72,Axle Part,Axle,Good,129.76,2021-07-07
404,142,Tire Part,Tire,Poor,154.53,2021-08-24
405,144,Engine Part,Engine,New,109.62,2021-01-19
406,39,Battery Part,Battery,Good,106.39,2021-08-06
407,64,Tire Part,Tire,Poor,235.95,2021-08-05
408,45,Seat Part,Seat,Used,134.73,2021-07-14
409,18,Wheel Part,Wheel,Poor,238.97,2021-06-13
410,150,Door Part,Door,Poor,232.53,2021-11-22
411,136,Tire Part,Tire,Used,138.49,2021-11-24
412,88,Door Part,Door,Good,122.45,2021-06-22
413,52,Tire Part,Tire,Used,133.31,2021-03-02
414,68,Tire Part,Tire,Poor,224.66,2021-08-23
415,69,Door Part,Door,New,234.09,2021-11-07
416,52,Window Part,Window,Poor,152.56,2021-08-10
417,56,Seat Part,Seat,Used,223.1,2021-08-14
418,3,Transmission Part,Transmission,Good,140.93,2021-02-04
419,126,Seat Part,Seat,Good,172.91,2021-03-08
420,126,Mirror Part,Mirror,New,195.98,2021-01-11
421,137,Wheel Part,Wheel,Poor,219.06,2021-07-16
422,60,Door Part,Door,Used,124.18,2021-08-10
423,10,Axle Part,Axle,Good,162.66,2021-08-22
424,54,Wheel Part,Wheel,Poor,122.55,2021-11-27
425,110,Battery Part,Battery,Poor,130.75,2021-11-21
426,41,Engine Part,Engine,New,169.3,2021-07-20
427,1,Window Part,Window,Used,176.22,2021-12-28
428,71,Tire Part,Tire,Poor,192.89,2021-09-17
429,17,Door Part,Door,Good,176.34,2021-06-04
430,91,Mirror Part,Mirror,Used,208.98,2021-01-06
431,25,Door Part,Door,Good,149.37,2021-07-13
432,43,Battery Part,Battery,Poor,164.23,2021-06-18
433,141,Transmission Part,Transmission,Good,187.11,2021-07-01
434,48,Engine Part,Engine,Used,125.91,2021-06-12
435,134,Window Part,Window,Used,221.67,2021-08-16
436,31,Door Part,Door,Used,171.49,2021-02-12
437,140,Mirror Part,Mirror,Used,120.35,2021-06-14
438,17,Door Part,Door,New,228.69,2021-06-25
439,6,Seat Part,Seat,Good,198.51,2021-04-04
440,140,Axle Part,Axle,Used,213.13,2021-08-15
441,88,Tire Part,Tire,Good,159.46,2021-08-09
442,39,Transmission Part,Transmission,Poor,136.46,2021-08-06
443,68,Axle Part,Axle,New,227.91,2021-08-03
444,101,Seat Part,Seat,Good,247.51,2021-06-16
445,29,Mirror Part,Mirror,New,172.66,2021-08-09
446,74,Transmission Part,Transmission,Poor,226.54,2021-07-26
447,26,Battery Part,Battery,Poor,151.24,2021-02-24
448,122,Door Part,Door,New,180.2,2021-06-18
449,146,Seat Part,Seat,New,218.35,2021-07-21
450,125,Transmission Part,Transmission,New,210.11,2021-12-04
451,103,Engine Part,Engine,Used,125.46,2021-05-23
452,107,Battery Part,Battery,Used,153.62,2021-07-07
453,12,Battery Part,Battery,New,143.0,2021-04-02
454,129,Transmission Part,Transmission,Good,127.22,2021-06-13
455,142,Seat Part,Seat,New,227.81,2021-12-04
456,61,Tire Part,Tire,Poor,129.24,2021-06-13
457,118,Seat Part,Seat,Poor,113.32,2021-04-20
458,148,Transmission Part,Transmission,New,230.37,2021-07-08
459,149,Seat Part,Seat,Good,184.34,2021-03-10
460,53,Mirror Part,Mirror,New,249.12,2021-08-27
461,46,Mirror Part,Mirror,Good,122.45,2021-06-27
462,76,Wheel Part,Wheel,Used,105.28,2021-08-09
463,90,Axle Part,Axle,Used,159.02,2021-07-19
464,30,Window Part,Window,Good,219.25,2021-10-03
465,133,Tire Part,Tire,Good,129.55,2021-06-27
466,96,Tire Part,Tire,Good,112.11,2021-07-03
467,77,Window Part,Window,Poor,138.07,2021-06-17
468,13,Battery Part,Battery,Good,110.8,2021-06-18
469,44,Mirror Part,Mirror,Good,226.96,2021-06-10
470,33,Wheel Part,Wheel,Poor,226.85,2021-07-20
471,40,Tire Part,Tire,Good,136.67,2021-06-27
472,37,Window Part,Window,New,187.85,2021-09-03
473,45,Tire Part,Tire,Good,124.66,2021-06-03
474,133,Axle Part,Axle,New,121.14,2021-05-26
475,56,Tire Part,Tire,Good,205.53,2021-06-16
476,135,Door Part,Door,New,167.54,2021-11-24
477,120,Transmission Part,Transmission,Poor,198.71,2021-08-26
478,30,Seat Part,Seat,Poor,120.45,2021-07-12
479,92,Battery Part,Battery,Poor,221.69,2021-08-24
480,101,Door Part,Door,Used,235.98,2021-10-13
481,150,Transmission Part,Transmission,Poor,209.27,2021-10-04
482,94,Window Part,Window,Poor,224.54,2021-07-07
483,8,Wheel Part,Wheel,New,134.99,2021-07-07
484,33,Axle Part,Axle,Poor,138.78,2021-04-03
485,115,Seat Part,Seat,Poor,180.34,2021-09-21
486,88,Tire Part,Tire,Used,237.99,2021-08-26
487,110,Mirror Part,Mirror,Poor,189.28,2021-08-21
488,3,Wheel Part,Wheel,Good,103.27,2021-07-04
489,66,Engine Part,Engine,New,210.29,2021-11-20
490,17,Engine Part,Engine,New,218.84,2021-04-13
491,96,Seat Part,Seat,New,141.19,2021-01-16
492,127,Mirror Part,Mirror,Used,167.2,2021-07-16
493,111,Axle Part,Axle,Poor,168.22,2021-01-10
494,122,Tire Part,Tire,Poor,245.81,2021-01-16
495,27,Door Part,Door,Used,209.23,2021-07-18
496,82,Battery Part,Battery,Good,115.19,2021-11-11
497,29,Wheel Part,Wheel,Good,189.5,2021-07-15
498,70,Window Part,Window,Used,207.88,2021-02-27
499,148,Mirror Part,Mirror,Good,142.83,2021-06-23
500,44,Engine Part,Engine,New,183.03,2021-06-22
501,145,Mirror Part,Mirror,New,191.12,2022-08-05
502,37,Mirror Part,Mirror,Poor,281.48,2022-07-07
503,109,Tire Part,Tire,New,169.24,2022-06-16
504,35,Axle Part,Axle,Poor,121.9,2022-02-28
505,62,Door Part,Door,New,120.12,2022-11-03
506,64,Engine Part,Engine,Good,136.91,2022-08-04
507,83,Battery Part,Battery,New,292.88,2022-04-10
508,10,Axle Part,Axle,Poor,218.46,2022-06-24
509,78,Wheel Part,Wheel,New,164.4,2022-08-10
510,29,Engine Part,Engine,New,213.86,2022-06-27
511,50,Window Part,Window,Poor,278.63,2022-01-08
512,86,Mirror Part,Mirror,Poor,244.77,2022-06-13
513,19,Battery Part,Battery,Good,263.93,2022-08-18
514,69,Axle Part,Axle,Used,220.39,2022-08-13
515,18,Door Part,Door,Good,242.12,2022-08-21
516,1,Wheel Part,Wheel,Poor,233.57,2022-06-19
517,133,Engine Part,Engine,Used,168.99,2022-06-03
518,25,Transmission Part,Transmission,Good,210.72,2022-05-02
519,22,Tire Part,Tire,Poor,142.0,2022-01-07
520,71,Tire Part,Tire,New,250.07,2022-09-02
521,7,Door Part,Door,Poor,264.82,2022-08-27
522,35,Tire Part,Tire,Good,164.22,2022-07-25
523,76,Battery Part,Battery,Good,163.13,2022-06-15
524,7,Mirror Part,Mirror,Good,226.08,2022-05-08
525,122,Battery Part,Battery,Used,156.41,2022-08-12
526,67,Door Part,Door,Good,273.52,2022-07-16
527,7,Mirror Part,Mirror,New,254.38,2022-06-10
528,45,Window Part,Window,Poor,255.38,2022-07-01
529,26,Axle Part,Axle,Good,125.45,2022-06-27
530,110,Seat Part,Seat,Poor,173.24,2022-05-03
531,28,Window Part,Window,Used,200.94,2022-12-11
532,17,Window Part,Window,Poor,247.11,2022-08-19
533,28,Window Part,Window,New,140.59,2022-05-12
534,20,Wheel Part,Wheel,New,261.88,2022-11-04
535,10,Mirror Part,Mirror,Used,294.24,2022-08-11
536,52,Mirror Part,Mirror,Good,137.93,2022-06-07
537,1,Wheel Part,Wheel,Poor,249.95,2022-02-06
538,53,Mirror Part,Mirror,Poor,232.95,2022-07-03
539,98,Battery Part,Battery,New,194.94,2022-08-01
540,51,Axle Part,Axle,New,281.97,2022-08-20
541,37,Window Part,Window,Good,137.93,2022-07-22
542,68,Battery Part,Battery,Used,162.22,2022-03-13
543,149,Door Part,Door,Good,252.26,2022-08-18
544,51,Axle Part,Axle,Good,125.3,2022-06-06
545,80,Axle Part,Axle,Good,230.41,2022-12-23
546,111,Transmission Part,Transmission,Used,286.01,2022-11-20
547,81,Transmission Part,Transmission,Good,242.02,2022-06-21
548,139,Seat Part,Seat,Poor,183.53,2022-07-22
549,53,Mirror Part,Mirror,Used,169.12,2022-06-24
550,73,Transmission Part,Transmission,New,217.11,2022-08-15
551,86,Wheel Part,Wheel,Good,135.09,2022-05-28
552,134,Window Part,Window,Poor,293.19,2022-06-18
553,83,Wheel Part,Wheel,Good,144.65,2022-06-08
554,147,Axle Part,Axle,Good,188.71,2022-07-03
555,49,Engine Part,Engine,Good,169.33,2022-06-10
556,75,Transmission Part,Transmission,New,253.12,2022-05-04
557,47,Seat Part,Seat,Poor,163.61,2022-06-13
558,113,Tire Part,Tire,Used,174.72,2022-07-19
559,64,Transmission Part,Transmission,Used,223.49,2022-09-15
560,125,Wheel Part,Wheel,Used,176.48,2022-08-24
561,104,Transmission Part,Transmission,Good,149.61,2022-03-18
562,97,Wheel Part,Wheel,Poor,285.66,2022-07-25
563,48,Battery Part,Battery,Poor,283.03,2022-07-14
564,100,Wheel Part,Wheel,Good,210.69,2022-06-16
565,147,Window Part,Window,Poor,240.59,2022-09-10
566,8,Mirror Part,Mirror,Good,140.27,2022-08-12
567,58,Tire Part,Tire,Poor,295.83,2022-08-05
568,145,Mirror Part,Mirror,Poor,204.19,2022-02-20
569,8,Seat Part,Seat,Used,178.65,2022-06-14
570,134,Door Part,Door,Good,150.38,2022-07-12
571,129,Tire Part,Tire,New,197.02,2022-03-15
572,23,Window Part,Window,New,186.12,2022-07-11
573,74,Transmission Part,Transmission,Good,162.94,2022-09-14
574,100,Mirror Part,Mirror,Used,152.13,2022-09-04
575,5,Mirror Part,Mirror,New,282.61,2022-06-12
576,42,Axle Part,Axle,Used,125.83,2022-04-04
577,68,Seat Part,Seat,Good,153.41,2022-07-05
578,76,Door Part,Door,Good,177.54,2022-12-17
579,137,Door Part,Door,Used,280.69,2022-12-12
580,76,Transmission Part,Transmission,Good,276.28,2022-11-09
581,53,Wheel Part,Wheel,Good,144.67,2022-04-20
582,28,Seat Part,Seat,Poor,289.16,2022-04-22
583,107,Door Part,Door,Poor,295.72,2022-07-09
584,1,Transmission Part,Transmission,Poor,146.64,2022-08-22
585,28,Window Part,Window,Poor,298.62,2022-06-04
586,41,Transmission Part,Transmission,Poor,290.61,2022-09-14
587,129,Battery Part,Battery,Good,265.91,2022-08-15
588,66,Door Part,Door,Used,266.78,2022-06-14
589,22,Wheel Part,Wheel,Poor,270.62,2022-10-21
590,25,Engine Part,Engine,New,278.34,2022-01-28
591,87,Mirror Part,Mirror,Poor,142.7,2022-12-04
592,14,Seat Part,Seat,Good,207.65,2022-04-11
593,65,Transmission Part,Transmission,Used,239.29,2022-02-28
594,38,Wheel Part,Wheel,New,184.25,2022-08-12
595,21,Seat Part,Seat,Poor,173.21,2022-08-05
596,98,Seat Part,Seat,Poor,199.71,2022-04-14
597,141,Tire Part,Tire,Poor,123.3,2022-01-01
598,40,Transmission Part,Transmission,Poor,156.27,2022-07-04
599,88,Battery Part,Battery,New,290.72,2022-03-12
600,129,Door Part,Door,Good,207.57,2022-08-12
601,126,Wheel Part,Wheel,New,292.12,2022-07-18
602,15,Wheel Part,Wheel,Poor,266.12,2022-08-16
603,6,Wheel Part,Wheel,Poor,142.88,2022-09-22
604,50,Transmission Part,Transmission,Good,273.8,2022-07-06
605,34,Window Part,Window,Poor,131.51,2022-08-12
606,47,Door Part,Door,New,263.03,2022-07-06
607,142,Axle Part,Axle,Used,191.38,2022-09-08
608,104,Door Part,Door,Good,298.78,2022-07-09
609,16,Battery Part,Battery,Used,121.38,2022-08-08
610,79,Mirror Part,Mirror,Poor,269.54,2022-06-02
611,51,Axle Part,Axle,New,153.21,2022-10-18
612,80,Window Part,Window,Used,124.15,2022-06-06
613,99,Battery Part,Battery,Used,129.79,2022-08-28
614,118,Transmission Part,Transmission,New,263.31,2022-01-06
615,128,Engine Part,Engine,New,196.01,2022-07-07
616,89,Tire Part,Tire,Poor,208.97,2022-08-22
617,120,Tire Part,Tire,Good,191.06,2022-03-03
618,83,Tire Part,Tire,Good,164.51,2022-07-21
619,62,Axle Part,Axle,New,235.01,2022-08-27
620,123,Seat Part,Seat,New,197.51,2022-03-27
621,92,Transmission Part,Transmission,Poor,187.12,2022-06-12
622,93,Wheel Part,Wheel,New,229.93,2022-08-20
623,54,Engine Part,Engine,Good,223.55,2022-11-08
624,63,Tire Part,Tire,Used,205.29,2022-06-06
625,60,Door Part,Door,New,215.65,2022-06-02
626,125,Door Part,Door,New,171.04,2022-08-06
627,54,Transmission Part,Transmission,Poor,145.94,2022-07-20
628,33,Mirror Part,Mirror,Good,297.72,2022-04-07
629,59,Axle Part,Axle,New,146.46,2022-08-10
630,142,Engine Part,Engine,New,120.97,2022-02-07
631,72,Battery Part,Battery,Good,148.36,2022-11-10
632,23,Tire Part,Tire,Poor,159.21,2022-06-14
633,97,Window Part,Window,Used,136.59,2022-07-13
634,103,Tire Part,Tire,New,194.79,2022-06-24
635,24,Engine Part,Engine,Poor,156.78,2022-10-18
636,116,Door Part,Door,Used,204.26,2022-07-11
637,92,Window Part,Window,Good,198.46,2022-07-08
638,143,Axle Part,Axle,Good,256.37,2022-06-27
639,148,Seat Part,Seat,Good,199.52,2022-01-09
640,65,Engine Part,Engine,Good,286.68,2022-06-14
641,121,Engine Part,Engine,Used,237.41,2022-08-12
642,11,Door Part,Door,New,279.46,2022-07-10
643,133,Battery Part,Battery,Poor,209.1,2022-12-08
644,88,Door Part,Door,New,279.98,2022-11-26
645,75,Battery Part,Battery,Used,150.72,2022-12-08
646,55,Axle Part,Axle,New,190.4,2022-04-26
647,1,Transmission Part,Transmission,New,142.63,2022-08-12
648,65,Seat Part,Seat,Used,272.21,2022-09-11
649,42,Window Part,Window,Used,136.46,2022-06-03
650,48,Seat Part,Seat,Good,214.92,2022-03-11
651,73,Wheel Part,Wheel,Poor,218.59,2022-06-13
652,112,Tire Part,Tire,Used,252.36,2022-07-23
653,38,Door Part,Door,New,123.26,2022-04-06
654,86,Door Part,Door,New,278.72,2022-09-11
655,101,Wheel Part,Wheel,New,298.41,2022-12-18
656,94,Tire Part,Tire,New,170.62,2022-06-23
657,95,Engine Part,Engine,Poor,216.28,2022-07-14
658,4,Seat Part,Seat,New,255.04,2022-03-19
659,61,Transmission Part,Transmission,New,267.65,2022-08-25
660,10,Wheel Part,Wheel,Good,131.36,2022-06-20
661,41,Transmission Part,Transmission,Used,133.45,2022-01-12
662,72,Seat Part,Seat,Poor,152.88,2022-03-24
663,90,Transmission Part,Transmission,New,231.61,2022-02-19
664,84,Battery Part,Battery,Poor,193.65,2022-01-27
665,143,Battery Part,Battery,Good,141.08,2022-06-07
666,118,Door Part,Door,Used,286.48,2022-10-01
667,44,Axle Part,Axle,Good,206.79,2022-07-22
668,134,Mirror Part,Mirror,New,140.79,2022-06-09
669,143,Battery Part,Battery,Good,268.23,2022-06-07
670,84,Engine Part,Engine,Poor,202.58,2022-07-04
671,19,Window Part,Window,Used,236.71,2022-06-12
672,61,Window Part,Window,Good,126.92,2022-10-28
673,3,Engine Part,Engine,Poor,180.0,2022-06-08
674,119,Seat Part,Seat,Good,155.19,2022-06-16
675,3,Door Part,Door,New,120.91,2022-07-10
676,83,Window Part,Window,Good,165.47,2022-06-19
677,115,Window Part,Window,New,242.86,2022-11-08
678,100,Wheel Part,Wheel,Good,278.39,2022-07-27
679,79,Mirror Part,Mirror,New,281.96,2022-02-18
680,113,Seat Part,Seat,New,244.89,2022-07-14
681,131,Axle Part,Axle,Good,149.59,2022-06-20
682,2,Window Part,Window,New,255.64,2022-04-11
683,96,Wheel Part,Wheel,New,179.42,2022-09-09
684,24,Window Part,Window,Poor,274.99,2022-06-14
685,20,Wheel Part,Wheel,Good,136.21,2022-08-20
686,102,Window Part,Window,Good,238.28,2022-08-19
687,103,Window Part,Window,Good,202.4,2022-06-08
688,77,Door Part,Door,Good,225.08,2022-08-18
689,15,Axle Part,Axle,Poor,245.73,2022-01-12
690,4,Window Part,Window,Good,244.64,2022-03-21
691,149,Wheel Part,Wheel,Used,253.58,2022-06-23
692,109,Wheel Part,Wheel,New,208.45,2022-07-24
693,136,Seat Part,Seat,Good,175.25,2022-06-27
694,67,Engine Part,Engine,New,270.32,2022-07-14
695,127,Wheel Part,Wheel,Poor,243.41,2022-10-28
696,56,Tire Part,Tire,Poor,251.46,2022-08-07
697,132,Seat Part,Seat,Good,244.79,2022-02-05
698,100,Door Part,Door,New,185.1,2022-06-28
699,98,Transmission Part,Transmission,Used,128.49,2022-10-21
700,3,Transmission Part,Transmission,New,210.38,2022-07-03
701,95,Mirror Part,Mirror,New,267.37,2022-11-12
702,110,Axle Part,Axle,Poor,138.45,2022-02-26
703,35,Seat Part,Seat,Good,128.16,2022-08-15
704,99,Tire Part,Tire,Used,257.78,2022-06-11
705,111,Engine Part,Engine,Poor,133.87,2022-07-13
706,56,Wheel Part,Wheel,New,262.41,2022-01-18
707,53,Door Part,Door,Poor,156.33,2022-03-19
708,114,Wheel Part,Wheel,Used,263.78,2022-07-26
709,146,Door Part,Door,Poor,183.79,2022-07-10
710,28,Door Part,Door,New,223.46,2022-06-23
711,127,Battery Part,Battery,Used,134.9,2022-07-03
712,40,Mirror Part,Mirror,Poor,236.47,2022-06-28
713,2,Axle Part,Axle,New,144.31,2022-08-07
714,10,Transmission Part,Transmission,New,220.52,2022-08-26
715,121,Axle Part,Axle,Good,209.54,2022-02-23
716,77,Tire Part,Tire,Poor,152.09,2022-08-21
717,12,Axle Part,Axle,Good,260.98,2022-06-22
718,43,Engine Part,Engine,Good,165.85,2022-11-12
719,29,Wheel Part,Wheel,Good,190.54,2022-08-05
720,53,Engine Part,Engine,Poor,134.27,2022-12-03
721,93,Seat Part,Seat,Good,208.16,2022-06-02
722,101,Transmission Part,Transmission,New,165.27,2022-07-08
723,143,Window Part,Window,Used,292.91,2022-07-08
724,55,Axle Part,Axle,Poor,282.14,2022-06-02
725,99,Axle Part,Axle,New,248.96,2022-07-13
726,127,Door Part,Door,Used,186.05,2022-06-14
727,123,Mirror Part,Mirror,Poor,149.62,2022-05-18
728,4,Wheel Part,Wheel,Poor,152.25,2022-06-18
729,3,Seat Part,Seat,New,234.21,2022-11-06
730,29,Engine Part,Engine,Used,270.89,2022-06-20
731,95,Transmission Part,Transmission,Good,290.13,2022-06-19
732,26,Mirror Part,Mirror,Used,284.95,2022-08-19
733,105,Transmission Part,Transmission,Good,222.47,2022-06-24
734,37,Mirror Part,Mirror,Used,263.79,2022-07-14
735,136,Transmission Part,Transmission,Used,188.19,2022-06-14
736,53,Axle Part,Axle,New,138.14,2022-05-19
737,140,Engine Part,Engine,Good,274.48,2022-07-01
738,31,Seat Part,Seat,Used,218.06,2022-08-07
739,43,Battery Part,Battery,New,273.79,2022-06-06
740,77,Axle Part,Axle,Poor,256.65,2022-12-07
741,112,Axle Part,Axle,Used,224.65,2022-04-01
742,133,Transmission Part,Transmission,Used,180.69,2022-06-13
743,113,Axle Part,Axle,Good,267.15,2022-08-22
744,72,Seat Part,Seat,Used,189.57,2022-07-17
745,59,Engine Part,Engine,Poor,202.31,2022-08-06
746,65,Engine Part,Engine,Good,240.82,2022-07-25
747,90,Door Part,Door,Poor,123.03,2022-09-17
748,71,Door Part,Door,Good,223.04,2022-06-24
749,90,Axle Part,Axle,Poor,175.19,2022-03-10
750,35,Window Part,Window,Used,174.76,2022-08-07
751,13,Transmission Part,Transmission,Used,172.14,2022-08-23
752,125,Door Part,Door,Used,152.6,2022-04-11
753,99,Engine Part,Engine,Poor,284.1,2022-08-22
754,42,Engine Part,Engine,Poor,290.9,2022-06-16
755,108,Battery Part,Battery,Poor,231.86,2022-07-07
756,60,Seat Part,Seat,Used,120.7,2022-08-16
757,45,Mirror Part,Mirror,Used,213.12,2022-06-05
758,97,Tire Part,Tire,Good,295.97,2022-03-23
759,55,Door Part,Door,Good,180.48,2022-08-18
760,103,Window Part,Window,Good,221.18,2022-07-12
761,51,Window Part,Window,Used,174.86,2022-06-18
762,104,Mirror Part,Mirror,New,254.94,2022-07-02
763,11,Transmission Part,Transmission,Poor,268.19,2022-07-16
764,125,Battery Part,Battery,Used,178.99,2022-02-07
765,52,Wheel Part,Wheel,Good,159.51,2022-06-28
766,107,Mirror Part,Mirror,Good,291.17,2022-09-05
767,41,Transmission Part,Transmission,Poor,227.62,2022-08-26
768,145,Window Part,Window,New,267.96,2022-07-27
769,39,Wheel Part,Wheel,Good,181.86,2022-08-13
770,123,Wheel Part,Wheel,Poor,273.64,2022-06-01
771,10,Battery Part,Battery,New,199.72,2022-07-03
772,110,Window Part,Window,New,125.13,2022-08-12
773,25,Seat Part,Seat,New,214.34,2022-08-23
774,128,Seat Part,Seat,Used,148.84,2022-04-05
775,133,Tire Part,Tire,Used,122.05,2022-02-10
776,121,Door Part,Door,Used,120.24,2022-08-17
777,90,Tire Part,Tire,Used,165.03,2022-10-18
778,118,Window Part,Window,Poor,160.63,2022-08-10
779,80,Battery Part,Battery,New,209.23,2022-06-23
780,89,Seat Part,Seat,New,249.1,2022-05-16
781,40,Engine Part,Engine,Poor,257.19,2022-08-11
782,62,Engine Part,Engine,New,163.52,2022-08-04
783,126,Engine Part,Engine,New,274.39,2022-07-07
784,30,Tire Part,Tire,Used,160.8,2022-08-27
785,92,Engine Part,Engine,Used,174.07,2022-08-28
786,1,Tire Part,Tire,Used,164.98,2022-07-07
787,125,Tire Part,Tire,New,262.08,2022-03-10
788,105,Mirror Part,Mirror,Good,239.79,2022-08-21
789,30,Seat Part,Seat,Used,175.72,2022-06-14
790,70,Tire Part,Tire,Poor,191.42,2022-08-16
791,102,Window Part,Window,Good,245.68,2022-01-03
792,43,Transmission Part,Transmission,Poor,214.19,2022-11-10
793,134,Transmission Part,Transmission,New,295.29,2022-08-10
794,79,Door Part,Door,Used,154.4,2022-02-27
795,38,Engine Part,Engine,Used,250.32,2022-08-16
796,125,Battery Part,Battery,New,272.47,2022-09-10
797,136,Engine Part,Engine,Good,133.98,2022-06-18
798,99,Axle Part,Axle,Used,206.71,2022-06-16
799,19,Wheel Part,Wheel,New,130.56,2022-06-15
800,76,Door Part,Door,Poor,183.65,2022-08-07
801,29,Wheel Part,Wheel,New,251.63,2022-08-07
802,97,Wheel Part,Wheel,New,223.01,2022-10-28
803,48,Axle Part,Axle,Poor,154.99,2022-07-25
804,70,Axle Part,Axle,New,262.82,2022-07-20
805,139,Transmission Part,Transmission,Poor,174.77,2022-02-26
806,64,Window Part,Window,New,183.77,2022-08-23
807,64,Axle Part,Axle,Good,263.13,2022-07-26
808,125,Axle Part,Axle,New,159.46,2022-08-03
809,42,Mirror Part,Mirror,Used,242.55,2022-04-16
810,92,Axle Part,Axle,New,281.49,2022-08-18
811,17,Tire Part,Tire,Poor,131.1,2022-09-22
812,88,Mirror Part,Mirror,Used,281.75,2022-06-13
813,25,Engine Part,Engine,Good,207.81,2022-08-13
814,70,Seat Part,Seat,New,127.82,2022-07-02
815,118,Mirror Part,Mirror,New,134.26,2022-07-04
816,63,Mirror Part,Mirror,New,154.26,2022-06-08
817,130,Tire Part,Tire,New,163.4,2022-08-02
818,135,Door Part,Door,Good,233.0,2022-11-06
819,29,Engine Part,Engine,Good,153.75,2022-06-22
820,29,Axle Part,Axle,Poor,219.57,2022-08-08
821,53,Transmission Part,Transmission,Good,228.26,2022-06-10
822,49,Door Part,Door,Used,171.79,2022-02-17
823,144,Mirror Part,Mirror,Good,280.3,2022-03-11
824,129,Seat Part,Seat,Good,179.92,2022-11-05
825,100,Seat Part,Seat,Poor,160.42,2022-08-01
826,31,Battery Part,Battery,New,147.97,2022-08-09
827,25,Mirror Part,Mirror,Good,259.35,2022-01-23
828,90,Engine Part,Engine,Poor,179.4,2022-07-19
829,112,Wheel Part,Wheel,Good,129.59,2022-03-10
830,26,Axle Part,Axle,Used,177.71,2022-10-09
831,79,Axle Part,Axle,Good,231.7,2022-06-27
832,22,Door Part,Door,Poor,130.61,2022-04-01
833,134,Tire Part,Tire,Used,236.56,2022-09-28
834,13,Tire Part,Tire,Good,126.18,2022-06-21
835,136,Door Part,Door,Used,236.79,2022-12-14
836,144,Wheel Part,Wheel,Used,197.83,2022-08-28
837,127,Mirror Part,Mirror,Poor,221.2,2022-06-21
838,78,Engine Part,Engine,New,281.92,2022-06-12
839,94,Engine Part,Engine,Good,199.75,2022-08-08
840,3,Door Part,Door,Used,279.24,2022-09-03
841,99,Door Part,Door,Good,200.41,2022-01-07
842,56,Transmission Part,Transmission,Good,296.98,2022-06-25
843,102,Door Part,Door,New,266.21,2022-06-17
844,15,Window Part,Window,New,137.84,2022-08-09
845,54,Axle Part,Axle,Poor,145.01,2022-10-20
846,78,Window Part,Window,Good,177.29,2022-06-13
847,107,Transmission Part,Transmission,Good,146.51,2022-08-19
848,117,Battery Part,Battery,New,187.26,2022-06-10
849,73,Wheel Part,Wheel,Good,263.9,2022-09-04
850,89,Window Part,Window,Poor,206.22,2022-01-15
851,107,Axle Part,Axle,New,212.84,2022-07-04
852,67,Tire Part,Tire,Used,132.02,2022-08-13
853,60,Tire Part,Tire,Good,170.11,2022-07-20
854,72,Wheel Part,Wheel,Poor,281.24,2022-07-16
855,81,Window Part,Window,Good,219.62,2022-08-26
856,145,Window Part,Window,Used,146.13,2022-11-14
857,63,Tire Part,Tire,Poor,251.6,2022-08-13
858,102,Engine Part,Engine,New,258.94,2022-07-04
859,116,Axle Part,Axle,Good,238.15,2022-08-12
860,32,Battery Part,Battery,New,253.98,2022-06-10
861,34,Door Part,Door,New,183.93,2022-08-23
862,48,Tire Part,Tire,Poor,206.33,2022-02-15
863,138,Seat Part,Seat,Used,171.84,2022-02-19
864,140,Wheel Part,Wheel,New,156.0,2022-06-25
865,32,Seat Part,Seat,Poor,175.94,2022-05-12
866,97,Battery Part,Battery,New,144.1,2022-01-06
867,59,Window Part,Window,New,181.64,2022-02-23
868,122,Door Part,Door,New,235.59,2022-08-14
869,112,Battery Part,Battery,Poor,143.59,2022-08-15
870,121,Window Part,Window,New,234.23,2022-08-27
871,10,Engine Part,Engine,New,172.57,2022-02-14
872,54,Window Part,Window,New,203.29,2022-08-21
873,74,Axle Part,Axle,New,180.52,2022-08-14
874,148,Battery Part,Battery,Poor,270.29,2022-07-27
875,30,Seat Part,Seat,Good,278.57,2022-08-04
876,16,Door Part,Door,Good,181.65,2022-08-09
877,66,Window Part,Window,New,196.56,2022-09-16
878,32,Transmission Part,Transmission,New,239.87,2022-07-05
879,108,Tire Part,Tire,New,196.69,2022-06-13
880,34,Window Part,Window,Good,243.61,2022-10-03
881,17,Wheel Part,Wheel,Good,219.14,2022-06-28
882,132,Seat Part,Seat,New,215.02,2022-08-11
883,8,Engine Part,Engine,Poor,201.37,2022-02-14
884,77,Transmission Part,Transmission,Used,154.83,2022-05-26
885,97,Mirror Part,Mirror,Used,193.2,2022-04-04
886,28,Seat Part,Seat,New,255.62,2022-07-19
887,56,Window Part,Window,Poor,236.1,2022-06-07
888,101,Door Part,Door,Good,238.8,2022-07-02
889,52,Battery Part,Battery,Good,207.0,2022-06-25
890,4,Battery Part,Battery,Used,287.95,2022-04-17
891,139,Window Part,Window,Poor,284.52,2022-07-20
892,12,Mirror Part,Mirror,New,169.44,2022-08-03
893,65,Door Part,Door,Good,213.96,2022-05-04
894,95,Transmission Part,Transmission,New,252.6,2022-09-17
895,137,Engine Part,Engine,Poor,137.66,2022-10-25
896,100,Door Part,Door,Poor,212.78,2022-06-15
897,73,Axle Part,Axle,Used,128.15,2022-07-18
898,145,Transmission Part,Transmission,Poor,179.75,2022-07-12
899,60,Seat Part,Seat,Good,177.56,2022-04-26
900,11,Wheel Part,Wheel,Good,254.29,2022-11-11
901,92,Seat Part,Seat,Poor,205.05,2022-02-28
902,80,Seat Part,Seat,New,201.09,2022-07-27
903,112,Battery Part,Battery,Poor,204.76,2022-10-06
904,2,Window Part,Window,New,270.56,2022-08-09
905,83,Door Part,Door,Good,180.43,2022-08-22
906,101,Axle Part,Axle,New,199.18,2022-06-25
907,129,Tire Part,Tire,Poor,197.18,2022-08-04
908,54,Mirror Part,Mirror,Poor,247.84,2022-07-11
909,126,Mirror Part,Mirror,Good,269.17,2022-02-14
910,123,Door Part,Door,Good,193.1,2022-05-28
911,142,Axle Part,Axle,New,169.45,2022-06-13
912,20,Transmission Part,Transmission,Poor,295.75,2022-07-23
913,33,Wheel Part,Wheel,Poor,298.81,2022-06-10
914,27,Axle Part,Axle,Good,189.65,2022-08-20
915,38,Axle Part,Axle,Good,223.08,2022-04-28
916,59,Tire Part,Tire,Poor,247.36,2022-08-02
917,83,Door Part,Door,New,275.46,2022-07-18
918,39,Mirror Part,Mirror,Good,293.61,2022-08-02
919,111,Wheel Part,Wheel,Good,209.79,2022-06-25
920,36,Window Part,Window,Poor,173.39,2022-06-08
921,47,Wheel Part,Wheel,New,295.32,2022-05-25
922,95,Battery Part,Battery,Good,129.12,2022-05-24
923,141,Axle Part,Axle,New,195.23,2022-07-11
924,43,Transmission Part,Transmission,Poor,194.42,2022-10-19
925,48,Engine Part,Engine,Poor,237.25,2022-07-12
926,72,Tire Part,Tire,Poor,287.42,2022-11-07
927,51,Battery Part,Battery,Used,211.12,2022-03-17
928,111,Door Part,Door,Poor,181.77,2022-10-06
929,3,Door Part,Door,Poor,231.92,2022-05-17
930,17,Engine Part,Engine,New,254.97,2022-01-21
931,144,Seat Part,Seat,Used,182.52,2022-06-18
932,30,Battery Part,Battery,Used,278.64,2022-09-13
933,100,Axle Part,Axle,Used,144.95,2022-12-24
934,23,Seat Part,Seat,Poor,295.93,2022-08-11
935,41,Wheel Part,Wheel,Used,298.18,2022-07-13
936,74,Door Part,Door,Used,193.46,2022-08-06
937,38,Transmission Part,Transmission,Good,263.78,2022-08-17
938,1,Transmission Part,Transmission,Good,121.97,2022-06-24
939,13,Tire Part,Tire,New,277.84,2022-06-15
940,132,Engine Part,Engine,New,155.44,2022-07-06
941,34,Battery Part,Battery,New,296.6,2022-06-28
942,111,Transmission Part,Transmission,New,279.06,2022-11-22
943,84,Axle Part,Axle,Used,125.55,2022-11-03
944,123,Mirror Part,Mirror,Poor,153.5,2022-05-24
945,10,Tire Part,Tire,Used,275.15,2022-01-10
946,111,Tire Part,Tire,Good,296.56,2022-08-15
947,27,Seat Part,Seat,New,274.39,2022-03-08
948,83,Battery Part,Battery,Used,222.41,2022-06-06
949,85,Tire Part,Tire,New,180.61,2022-11-20
950,146,Door Part,Door,Used,155.49,2022-12-16
951,62,Seat Part,Seat,Good,206.71,2022-11-28
952,131,Engine Part,Engine,Used,299.8,2022-06-17
953,14,Tire Part,Tire,New,194.38,2022-06-27
954,113,Tire Part,Tire,Used,224.33,2022-08-15
955,138,Door Part,Door,Poor,214.73,2022-07-11
956,99,Window Part,Window,Poor,120.04,2022-10-17
957,110,Mirror Part,Mirror,New,224.32,2022-02-24
958,149,Seat Part,Seat,Good,278.87,2022-06-09
959,139,Tire Part,Tire,New,224.42,2022-06-03
960,108,Battery Part,Battery,Used,184.01,2022-07-25
961,102,Mirror Part,Mirror,Used,299.66,2022-06-04
962,43,Door Part,Door,Good,283.42,2022-07-02
963,52,Seat Part,Seat,Good,185.19,2022-05-18
964,39,Seat Part,Seat,Used,127.16,2022-08-10
965,136,Transmission Part,Transmission,Poor,249.69,2022-08-06
966,90,Engine Part,Engine,Poor,259.86,2022-07-12
967,77,Axle Part,Axle,Used,247.37,2022-05-17
968,149,Door Part,Door,Poor,209.31,2022-08-11
969,62,Engine Part,Engine,Poor,153.02,2022-11-12
970,24,Tire Part,Tire,Used,246.1,2022-09-25
971,53,Mirror Part,Mirror,New,191.09,2022-07-15
972,118,Engine Part,Engine,New,225.98,2022-06-24
973,122,Window Part,Window,Used,147.76,2022-05-12
974,4,Seat Part,Seat,Used,130.76,2022-12-01
975,29,Window Part,Window,Good,178.0,2022-07-02
976,136,Window Part,Window,Used,257.52,2022-06-23
977,29,Axle Part,Axle,Good,211.93,2022-08-11
978,63,Door Part,Door,Good,234.16,2022-07-05
979,66,Seat Part,Seat,Good,146.51,2022-07-13
980,12,Wheel Part,Wheel,Poor,129.56,2022-04-22
981,11,Tire Part,Tire,Used,193.86,2022-06-25
982,109,Axle Part,Axle,New,130.73,2022-03-05
983,97,Engine Part,Engine,Good,199.05,2022-07-08
984,146,Transmission Part,Transmission,Poor,173.88,2022-06-20
985,58,Tire Part,Tire,Used,212.67,2022-01-19
986,79,Window Part,Window,Good,250.18,2022-07-26
987,25,Tire Part,Tire,Good,287.12,2022-06-23
988,47,Tire Part,Tire,Poor,245.3,2022-10-03
989,66,Axle Part,Axle,Used,162.93,2022-08-25
990,109,Wheel Part,Wheel,Used,203.22,2022-08-12
991,1,Battery Part,Battery,New,171.33,2022-04-26
992,50,Window Part,Window,Used,240.51,2022-08-25
993,102,Battery Part,Battery,Used,272.67,2022-08-20
994,134,Axle Part,Axle,Poor,266.22,2022-05-16
995,77,Wheel Part,Wheel,Good,288.99,2022-11-01
996,140,Transmission Part,Transmission,Good,297.82,2022-06-15
997,125,Transmission Part,Transmission,Poor,150.02,2022-02-15
998,58,Tire Part,Tire,New,139.9,2022-06-15
999,57,Transmission Part,Transmission,Poor,258.38,2022-06-26
1000,131,Door Part,Door,Poor,246.99,2022-04-01
1001,48,Engine Part,Engine,New,173.22,2022-09-23
1002,107,Mirror Part,Mirror,Poor,219.67,2022-11-07
1003,52,Mirror Part,Mirror,Good,159.82,2022-05-04
1004,101,Mirror Part,Mirror,Poor,260.93,2022-08-28
1005,140,Door Part,Door,Used,215.85,2022-07-02
1006,46,Mirror Part,Mirror,Used,209.33,2022-06-12
1007,27,Door Part,Door,New,158.22,2022-07-22
1008,137,Window Part,Window,Used,264.18,2022-07-21
1009,65,Mirror Part,Mirror,Poor,242.85,2022-01-11
1010,39,Door Part,Door,Good,230.55,2022-07-08
1011,34,Battery Part,Battery,Poor,206.57,2022-06-01
1012,33,Battery Part,Battery,Poor,179.07,2022-06-07
1013,150,Seat Part,Seat,Used,149.64,2022-08-08
1014,61,Door Part,Door,Poor,261.75,2022-09-01
1015,10,Wheel Part,Wheel,Used,160.12,2022-08-16
1016,118,Mirror Part,Mirror,Used,127.11,2022-05-28
1017,118,Wheel Part,Wheel,New,159.03,2022-01-01
1018,77,Door Part,Door,Used,197.05,2022-08-24
1019,61,Engine Part,Engine,Good,222.0,2022-04-23
1020,76,Seat Part,Seat,Used,186.31,2022-06-04
1021,62,Window Part,Window,Poor,270.8,2022-06-18
1022,7,Engine Part,Engine,Used,275.57,2022-02-19
1023,94,Wheel Part,Wheel,Good,264.59,2022-08-22
1024,148,Transmission Part,Transmission,Good,159.49,2022-08-01
1025,81,Seat Part,Seat,New,236.39,2022-07-21
1026,86,Tire Part,Tire,Good,197.29,2022-06-03
1027,68,Window Part,Window,Good,246.64,2022-08-27
1028,95,Tire Part,Tire,New,168.8,2022-07-03
1029,70,Seat Part,Seat,Used,187.51,2022-09-01
1030,99,Transmission Part,Transmission,Good,233.13,2022-06-06
1031,18,Door Part,Door,New,235.98,2022-08-28
1032,138,Engine Part,Engine,Poor,267.84,2022-06-17
1033,108,Seat Part,Seat,Good,260.82,2022-03-22
1034,51,Window Part,Window,New,179.36,2022-06-14
1035,93,Tire Part,Tire,New,277.59,2022-07-11
1036,111,Tire Part,Tire,Used,163.44,2022-08-28
1037,121,Battery Part,Battery,Used,269.04,2022-06-04
1038,134,Mirror Part,Mirror,Poor,277.44,2022-06-13
1039,4,Mirror Part,Mirror,Good,284.55,2022-05-23
1040,24,Window Part,Window,Poor,295.11,2022-09-07
1041,129,Tire Part,Tire,Good,156.88,2022-07-15
1042,55,Door Part,Door,Used,199.49,2022-06-03
1043,125,Tire Part,Tire,Poor,182.16,2022-10-04
1044,70,Window Part,Window,Good,189.8,2022-08-02
1045,103,Tire Part,Tire,Poor,287.18,2022-07-02
1046,12,Tire Part,Tire,Good,195.81,2022-06-24
1047,105,Window Part,Window,New,273.03,2022-07-01
1048,79,Engine Part,Engine,Good,165.32,2022-09-01
1049,25,Transmission Part,Transmission,Poor,196.02,2022-03-08
1050,54,Battery Part,Battery,Poor,167.56,2022-07-19
1051,87,Door Part,Door,New,183.29,2022-06-09
1052,73,Transmission Part,Transmission,New,210.19,2022-08-08
1053,4,Mirror Part,Mirror,New,256.04,2022-07-16
1054,147,Window Part,Window,New,148.18,2022-07-24
1055,148,Transmission Part,Transmission,Used,222.46,2022-11-24
1056,52,Transmission Part,Transmission,New,150.57,2022-07-01
1057,41,Seat Part,Seat,Good,128.49,2022-08-23
1058,61,Tire Part,Tire,Poor,208.56,2022-08-11
1059,123,Window Part,Window,Poor,193.19,2022-10-25
1060,75,Wheel Part,Wheel,Poor,202.44,2022-06-05
1061,141,Tire Part,Tire,Poor,266.13,2022-10-16
1062,111,Window Part,Window,Used,158.47,2022-08-02
1063,114,Window Part,Window,Good,198.23,2022-07-20
1064,103,Tire Part,Tire,Used,194.96,2022-12-02
1065,60,Battery Part,Battery,New,154.02,2022-12-25
1066,35,Engine Part,Engine,Good,199.14,2022-01-11
1067,34,Seat Part,Seat,Used,123.45,2022-08-20
1068,61,Door Part,Door,Good,293.64,2022-01-04
1069,94,Wheel Part,Wheel,Good,211.11,2022-06-16
1070,26,Seat Part,Seat,Good,151.54,2022-08-28
1071,45,Axle Part,Axle,Poor,124.76,2022-11-20
1072,149,Transmission Part,Transmission,Used,285.93,2022-05-18
1073,5,Axle Part,Axle,New,128.92,2022-01-10
1074,28,Battery Part,Battery,New,221.04,2022-11-03
1075,135,Window Part,Window,Poor,142.03,2022-11-01
1076,87,Seat Part,Seat,New,267.47,2022-02-24
1077,84,Engine Part,Engine,Used,204.22,2022-07-13
1078,34,Tire Part,Tire,Good,137.47,2022-02-24
1079,95,Battery Part,Battery,Poor,197.03,2022-07-20
1080,149,Battery Part,Battery,Used,204.96,2022-04-04
1081,38,Transmission Part,Transmission,Poor,203.02,2022-08-15
1082,121,Battery Part,Battery,Used,132.02,2022-06-14
1083,101,Wheel Part,Wheel,Good,279.87,2022-07-21
1084,103,Battery Part,Battery,Good,171.93,2022-07-22
1085,53,Tire Part,Tire,Good,245.23,2022-02-07
1086,72,Window Part,Window,New,190.22,2022-08-02
1087,20,Window Part,Window,Used,248.49,2022-06-10
1088,9,Engine Part,Engine,Used,173.75,2022-12-15
1089,31,Mirror Part,Mirror,Good,265.82,2022-02-02
1090,138,Seat Part,Seat,Used,228.05,2022-08-22
1091,25,Transmission Part,Transmission,New,277.06,2022-11-14
1092,21,Door Part,Door,New,221.02,2022-08-15
1093,111,Door Part,Door,Poor,133.96,2022-01-18
1094,111,Tire Part,Tire,Good,122.11,2022-07-08
1095,137,Tire Part,Tire,Poor,203.88,2022-08-11
1096,150,Engine Part,Engine,Poor,181.4,2022-10-06
1097,92,Engine Part,Engine,Used,219.22,2022-02-27
1098,135,Axle Part,Axle,Used,296.15,2022-07-12
1099,136,Transmission Part,Transmission,Poor,132.14,2022-08-25
1100,84,Window Part,Window,New,161.08,2022-06-26
1101,137,Battery Part,Battery,Good,235.47,2023-07-23
1102,45,Transmission Part,Transmission,Used,303.16,2023-09-27
1103,69,Transmission Part,Transmission,Good,170.06,2023-07-18
1104,56,Tire Part,Tire,New,265.06,2023-06-20
1105,36,Door Part,Door,Used,284.48,2023-06-18
1106,100,Engine Part,Engine,Used,271.54,2023-06-24
1107,98,Seat Part,Seat,Used,174.99,2023-08-19
1108,46,Engine Part,Engine,Used,334.17,2023-04-26
1109,78,Wheel Part,Wheel,New,320.67,2023-07-09
1110,4,Axle Part,Axle,Good,342.15,2023-06-16
1111,107,Battery Part,Battery,Used,161.79,2023-07-27
1112,96,Seat Part,Seat,Good,347.75,2023-07-18
1113,35,Wheel Part,Wheel,Used,169.0,2023-10-19
1114,25,Wheel Part,Wheel,Good,225.43,2023-02-07
1115,97,Transmission Part,Transmission,Good,273.29,2023-09-04
1116,116,Engine Part,Engine,Used,248.91,2023-12-16
1117,138,Mirror Part,Mirror,Used,162.04,2023-08-06
1118,80,Wheel Part,Wheel,Good,209.43,2023-08-11
1119,93,Axle Part,Axle,Used,352.66,2023-07-13
1120,47,Seat Part,Seat,Good,251.87,2023-06-07
1121,19,Mirror Part,Mirror,Good,166.31,2023-09-24
1122,31,Window Part,Window,Good,260.27,2023-07-14
1123,150,Wheel Part,Wheel,Good,346.74,2023-01-14
1124,79,Door Part,Door,Poor,212.92,2023-08-06
1125,32,Seat Part,Seat,New,303.37,2023-11-26
1126,141,Axle Part,Axle,Poor,145.13,2023-09-26
1127,134,Battery Part,Battery,Poor,200.23,2023-07-26
1128,24,Window Part,Window,Poor,311.01,2023-07-19
1129,17,Engine Part,Engine,New,317.66,2023-07-07
1130,127,Seat Part,Seat,Poor,232.98,2023-07-28
1131,84,Engine Part,Engine,Good,240.69,2023-07-01
1132,5,Door Part,Door,Poor,206.33,2023-07-12
1133,8,Engine Part,Engine,Good,161.11,2023-08-15
1134,9,Transmission Part,Transmission,New,206.51,2023-08-12
1135,108,Tire Part,Tire,Good,236.7,2023-06-21
1136,23,Engine Part,Engine,Good,162.77,2023-07-09
1137,59,Seat Part,Seat,Poor,271.71,2023-06-13
1138,53,Wheel Part,Wheel,New,239.65,2023-03-24
1139,129,Window Part,Window,New,153.17,2023-08-19
1140,79,Tire Part,Tire,Good,195.95,2023-07-03
1141,69,Wheel Part,Wheel,Used,204.65,2023-09-18
1142,79,Wheel Part,Wheel,Good,159.44,2023-08-07
1143,60,Battery Part,Battery,Used,229.91,2023-08-21
1144,121,Door Part,Door,Good,336.76,2023-10-23
1145,137,Engine Part,Engine,Used,321.03,2023-07-08
1146,139,Tire Part,Tire,New,183.38,2023-06-08
1147,36,Mirror Part,Mirror,Poor,175.13,2023-07-03
1148,120,Axle Part,Axle,New,165.27,2023-10-11
1149,33,Axle Part,Axle,Good,213.23,2023-05-10
1150,104,Window Part,Window,New,153.27,2023-09-24
1151,100,Axle Part,Axle,Used,349.68,2023-11-25
1152,118,Transmission Part,Transmission,Poor,244.95,2023-04-26
1153,6,Axle Part,Axle,Good,241.08,2023-08-20
1154,23,Engine Part,Engine,New,173.04,2023-06-23
1155,75,Transmission Part,Transmission,Poor,303.29,2023-02-16
1156,46,Wheel Part,Wheel,New,179.81,2023-06-18
1157,61,Tire Part,Tire,Good,232.18,2023-07-23
1158,72,Axle Part,Axle,New,217.01,2023-08-01
1159,71,Door Part,Door,Poor,328.67,2023-06-05
1160,58,Axle Part,Axle,Used,353.42,2023-07-11
1161,97,Tire Part,Tire,Poor,226.25,2023-08-25
1162,41,Seat Part,Seat,Used,337.72,2023-01-04
1163,84,Mirror Part,Mirror,New,161.11,2023-08-11
1164,16,Battery Part,Battery,New,259.03,2023-06-16
1165,103,Seat Part,Seat,New,249.06,2023-08-06
1166,68,Transmission Part,Transmission,Used,238.11,2023-07-05
1167,53,Engine Part,Engine,New,193.28,2023-06-10
1168,78,Axle Part,Axle,New,204.73,2023-05-19
1169,35,Mirror Part,Mirror,Poor,201.61,2023-08-10
1170,26,Wheel Part,Wheel,Poor,326.38,2023-10-05
1171,100,Battery Part,Battery,New,293.55,2023-06-25
1172,150,Window Part,Window,New,185.99,2023-07-20
1173,66,Window Part,Window,New,161.22,2023-06-14
1174,113,Window Part,Window,Poor,359.29,2023-09-17
1175,130,Axle Part,Axle,Poor,226.95,2023-07-15
1176,32,Window Part,Window,New,357.56,2023-06-12
1177,132,Seat Part,Seat,Used,285.95,2023-08-20
1178,54,Seat Part,Seat,Used,321.31,2023-03-15
1179,62,Seat Part,Seat,New,211.18,2023-07-28
1180,3,Tire Part,Tire,Good,310.6,2023-06-24
1181,31,Tire Part,Tire,Used,319.35,2023-04-23
1182,132,Tire Part,Tire,Good,359.71,2023-08-24
1183,76,Battery Part,Battery,New,206.92,2023-06-21
1184,32,Axle Part,Axle,New,279.8,2023-07-13
1185,26,Transmission Part,Transmission,Used,218.4,2023-07-16
1186,92,Seat Part,Seat,Used,206.53,2023-05-26
1187,29,Tire Part,Tire,Used,285.87,2023-08-15
1188,96,Wheel Part,Wheel,Good,336.5,2023-03-24
1189,96,Tire Part,Tire,New,337.16,2023-07-03
1190,124,Window Part,Window,Used,213.14,2023-11-06
1191,108,Axle Part,Axle,Good,160.43,2023-02-20
1192,34,Window Part,Window,Poor,289.71,2023-04-04
1193,145,Engine Part,Engine,New,173.36,2023-02-14
1194,130,Battery Part,Battery,Good,252.53,2023-07-02
1195,134,Window Part,Window,Good,224.93,2023-02-13
1196,90,Axle Part,Axle,Good,306.72,2023-08-27
1197,149,Mirror Part,Mirror,New,354.39,2023-06-11
1198,81,Mirror Part,Mirror,Poor,184.54,2023-11-21
1199,17,Axle Part,Axle,Used,211.92,2023-06-11
1200,126,Window Part,Window,Used,222.19,2023-07-10
1201,140,Mirror Part,Mirror,New,342.26,2023-07-11
1202,61,Door Part,Door,Used,206.52,2023-04-25
1203,137,Battery Part,Battery,New,267.44,2023-07-26
1204,45,Door Part,Door,Poor,293.66,2023-07-06
1205,102,Axle Part,Axle,Good,348.34,2023-04-14
1206,64,Battery Part,Battery,New,150.09,2023-05-27
1207,66,Axle Part,Axle,Poor,304.78,2023-07-09
1208,42,Tire Part,Tire,Good,221.23,2023-08-01
1209,15,Axle Part,Axle,Poor,268.21,2023-07-16
1210,101,Window Part,Window,New,162.43,2023-05-26
1211,49,Transmission Part,Transmission,New,190.14,2023-06-03
1212,89,Engine Part,Engine,New,297.13,2023-08-05
1213,116,Engine Part,Engine,Good,174.69,2023-07-23
1214,103,Battery Part,Battery,Poor,218.23,2023-05-06
1215,49,Door Part,Door,Used,186.63,2023-08-10
1216,55,Transmission Part,Transmission,New,200.42,2023-06-24
1217,120,Door Part,Door,New,304.84,2023-10-02
1218,35,Engine Part,Engine,Used,194.04,2023-09-25
1219,126,Seat Part,Seat,Poor,278.93,2023-08-05
1220,99,Battery Part,Battery,Poor,311.81,2023-07-25
1221,60,Wheel Part,Wheel,Poor,144.29,2023-05-02
1222,5,Window Part,Window,Poor,156.14,2023-06-25
1223,125,Wheel Part,Wheel,Good,175.04,2023-02-09
1224,23,Wheel Part,Wheel,Poor,233.73,2023-12-12
1225,30,Transmission Part,Transmission,Good,294.93,2023-09-17
1226,114,Axle Part,Axle,Poor,191.56,2023-07-18
1227,52,Tire Part,Tire,Poor,194.87,2023-06-12
1228,70,Battery Part,Battery,New,240.02,2023-07-17
1229,112,Seat Part,Seat,Used,162.17,2023-11-04
1230,113,Window Part,Window,New,170.25,2023-07-19
1231,39,Window Part,Window,New,339.56,2023-07-06
1232,138,Transmission Part,Transmission,Good,146.17,2023-12-19
1233,60,Mirror Part,Mirror,New,222.21,2023-10-23
1234,55,Seat Part,Seat,Poor,146.96,2023-08-14
1235,15,Axle Part,Axle,Used,317.31,2023-10-25
1236,124,Engine Part,Engine,Poor,335.45,2023-07-20
1237,100,Axle Part,Axle,Used,219.68,2023-06-28
1238,128,Door Part,Door,Good,215.63,2023-08-18
1239,122,Door Part,Door,Used,268.23,2023-08-04
1240,39,Wheel Part,Wheel,New,330.59,2023-08-10
1241,80,Engine Part,Engine,Used,200.28,2023-02-06
1242,60,Transmission Part,Transmission,Used,339.49,2023-04-25
1243,66,Door Part,Door,Used,335.94,2023-08-09
1244,141,Wheel Part,Wheel,Good,311.57,2023-06-16
1245,123,Door Part,Door,Good,171.17,2023-05-07
1246,119,Engine Part,Engine,Used,245.17,2023-12-05
1247,73,Wheel Part,Wheel,Poor,169.8,2023-08-14
1248,15,Mirror Part,Mirror,Good,335.02,2023-07-24
1249,108,Engine Part,Engine,Used,153.31,2023-02-15
1250,127,Battery Part,Battery,Poor,178.39,2023-07-07
1251,122,Seat Part,Seat,Poor,309.71,2023-07-22
1252,119,Tire Part,Tire,Poor,255.17,2023-06-05
1253,48,Battery Part,Battery,Used,329.13,2023-08-22
1254,40,Transmission Part,Transmission,Used,150.25,2023-07-17
1255,83,Door Part,Door,Used,205.74,2023-06-20
1256,1,Door Part,Door,Poor,298.93,2023-08-25
1257,26,Seat Part,Seat,Good,236.44,2023-06-05
1258,46,Wheel Part,Wheel,Used,255.56,2023-01-18
1259,137,Transmission Part,Transmission,New,354.73,2023-03-24
1260,127,Mirror Part,Mirror,Used,147.53,2023-08-19
1261,2,Seat Part,Seat,New,144.82,2023-07-27
1262,134,Axle Part,Axle,Good,324.44,2023-08-14
1263,150,Transmission Part,Transmission,Good,228.85,2023-08-22
1264,112,Axle Part,Axle,Good,212.32,2023-08-26
1265,74,Door Part,Door,Poor,254.85,2023-08-10
1266,55,Battery Part,Battery,Used,255.47,2023-04-18
1267,13,Door Part,Door,New,241.91,2023-06-28
1268,45,Door Part,Door,Used,163.0,2023-07-27
1269,10,Seat Part,Seat,Poor,343.02,2023-08-03
1270,99,Wheel Part,Wheel,Poor,154.05,2023-07-21
1271,71,Mirror Part,Mirror,Used,339.53,2023-01-21
1272,43,Axle Part,Axle,Used,201.89,2023-01-18
1273,108,Wheel Part,Wheel,New,339.27,2023-08-24
1274,117,Wheel Part,Wheel,Used,322.86,2023-07-01
1275,32,Mirror Part,Mirror,Poor,217.27,2023-06-20
1276,83,Transmission Part,Transmission,Good,174.03,2023-06-04
1277,147,Mirror Part,Mirror,New,220.33,2023-07-22
1278,41,Window Part,Window,Used,235.01,2023-02-09
1279,10,Transmission Part,Transmission,Used,324.48,2023-09-28
1280,126,Transmission Part,Transmission,Poor,301.2,2023-08-28
1281,72,Tire Part,Tire,New,355.96,2023-08-07
1282,36,Battery Part,Battery,New,277.34,2023-07-05
1283,1,Mirror Part,Mirror,Good,205.05,2023-01-27
1284,48,Axle Part,Axle,Good,156.86,2023-06-13
1285,34,Door Part,Door,Poor,199.17,2023-12-12
1286,95,Engine Part,Engine,New,196.42,2023-02-15
1287,42,Engine Part,Engine,Poor,170.35,2023-06-03
1288,98,Tire Part,Tire,Poor,167.54,2023-04-03
1289,55,Seat Part,Seat,New,266.35,2023-08-07
1290,60,Engine Part,Engine,Poor,226.36,2023-06-15
1291,90,Wheel Part,Wheel,New,241.12,2023-08-04
1292,4,Transmission Part,Transmission,Poor,168.07,2023-09-26
1293,48,Transmission Part,Transmission,New,228.16,2023-07-03
1294,29,Seat Part,Seat,New,261.84,2023-07-01
1295,63,Battery Part,Battery,Used,243.25,2023-12-28
1296,10,Tire Part,Tire,Good,287.38,2023-09-23
1297,64,Engine Part,Engine,Good,225.11,2023-02-20
1298,10,Wheel Part,Wheel,Poor,189.83,2023-08-07
1299,132,Wheel Part,Wheel,Poor,207.41,2023-11-18
1300,3,Wheel Part,Wheel,New,227.18,2023-08-04
1301,134,Mirror Part,Mirror,New,168.86,2023-01-25
1302,138,Axle Part,Axle,Used,224.39,2023-08-06
1303,77,Wheel Part,Wheel,Good,212.46,2023-08-02
1304,123,Mirror Part,Mirror,Poor,190.51,2023-11-12
1305,68,Engine Part,Engine,Good,300.54,2023-07-19
1306,134,Door Part,Door,Used,264.33,2023-01-02
1307,147,Seat Part,Seat,New,252.85,2023-12-09
1308,14,Window Part,Window,Good,179.06,2023-08-03
1309,43,Seat Part,Seat,Used,212.81,2023-05-24
1310,10,Mirror Part,Mirror,Poor,333.22,2023-04-12
1311,53,Engine Part,Engine,Used,342.66,2023-06-14
1312,3,Window Part,Window,Poor,328.56,2023-03-22
1313,128,Tire Part,Tire,Good,313.31,2023-08-22
1314,26,Tire Part,Tire,New,331.37,2023-10-08
1315,46,Mirror Part,Mirror,Used,279.88,2023-05-10
1316,66,Window Part,Window,Good,323.99,2023-06-02
1317,112,Seat Part,Seat,Poor,201.93,2023-06-19
1318,5,Transmission Part,Transmission,Poor,316.2,2023-07-13
1319,20,Wheel Part,Wheel,Good,357.55,2023-05-03
1320,101,Wheel Part,Wheel,Poor,193.52,2023-08-02
1321,124,Seat Part,Seat,Used,214.85,2023-01-12
1322,108,Engine Part,Engine,Used,355.25,2023-03-10
1323,72,Mirror Part,Mirror,Poor,272.92,2023-08-08
1324,70,Door Part,Door,Good,351.02,2023-07-02
1325,29,Seat Part,Seat,New,229.91,2023-09-16
1326,126,Seat Part,Seat,Poor,320.56,2023-06-12
1327,23,Battery Part,Battery,Good,168.91,2023-06-02
1328,57,Seat Part,Seat,Good,292.08,2023-10-16
1329,33,Engine Part,Engine,New,335.0,2023-08-22
1330,72,Engine Part,Engine,Poor,250.11,2023-06-04
1331,148,Transmission Part,Transmission,Poor,156.88,2023-06-01
1332,140,Engine Part,Engine,Poor,173.9,2023-04-06
1333,30,Seat Part,Seat,New,331.5,2023-07-19
1334,99,Wheel Part,Wheel,Poor,349.24,2023-08-27
1335,41,Mirror Part,Mirror,Poor,265.7,2023-09-28
1336,145,Wheel Part,Wheel,Used,219.45,2023-08-21
1337,8,Transmission Part,Transmission,Poor,188.78,2023-07-06
1338,129,Battery Part,Battery,Used,196.01,2023-07-26
1339,131,Transmission Part,Transmission,Used,318.72,2023-07-27
1340,5,Window Part,Window,New,278.43,2023-06-23
1341,51,Axle Part,Axle,New,342.12,2023-06-11
1342,14,Tire Part,Tire,New,290.62,2023-08-17
1343,43,Wheel Part,Wheel,Used,144.41,2023-07-12
1344,13,Mirror Part,Mirror,Good,236.27,2023-06-10
1345,128,Tire Part,Tire,Poor,183.68,2023-02-12
1346,71,Window Part,Window,Poor,290.18,2023-07-25
1347,27,Mirror Part,Mirror,Used,235.85,2023-07-25
1348,87,Transmission Part,Transmission,Good,266.88,2023-03-15
1349,36,Wheel Part,Wheel,Used,331.89,2023-03-25
1350,7,Transmission Part,Transmission,Good,302.48,2023-04-25
1351,109,Tire Part,Tire,New,304.25,2023-06-19
1352,34,Tire Part,Tire,Good,191.5,2023-06-15
1353,83,Engine Part,Engine,Used,186.94,2023-02-27
1354,42,Tire Part,Tire,Used,180.74,2023-07-01
1355,124,Window Part,Window,Poor,344.14,2023-09-28
1356,100,Mirror Part,Mirror,Used,311.78,2023-04-03
1357,4,Wheel Part,Wheel,Used,217.32,2023-07-26
1358,2,Engine Part,Engine,Good,303.18,2023-06-02
1359,137,Axle Part,Axle,Good,314.66,2023-06-09
1360,105,Wheel Part,Wheel,Good,223.08,2023-03-04
1361,138,Axle Part,Axle,Good,311.19,2023-06-06
1362,105,Seat Part,Seat,New,203.58,2023-12-18
1363,106,Window Part,Window,Poor,260.85,2023-12-26
1364,129,Door Part,Door,New,180.79,2023-06-27
1365,35,Wheel Part,Wheel,Poor,270.61,2023-04-08
1366,134,Tire Part,Tire,Used,315.48,2023-07-17
1367,6,Axle Part,Axle,Good,197.5,2023-08-26
1368,145,Window Part,Window,New,240.72,2023-10-17
1369,117,Tire Part,Tire,New,288.17,2023-01-13
1370,80,Seat Part,Seat,Poor,329.56,2023-03-16
1371,115,Axle Part,Axle,Good,168.04,2023-07-20
1372,30,Seat Part,Seat,New,307.36,2023-07-19
1373,122,Transmission Part,Transmission,Poor,290.2,2023-07-17
1374,105,Axle Part,Axle,New,152.7,2023-06-12
1375,19,Battery Part,Battery,Used,299.37,2023-06-24
1376,103,Window Part,Window,Used,266.33,2023-12-18
1377,33,Transmission Part,Transmission,Good,305.63,2023-08-06
1378,110,Mirror Part,Mirror,Used,191.59,2023-08-08
1379,68,Battery Part,Battery,Good,217.66,2023-04-13
1380,13,Mirror Part,Mirror,Used,349.45,2023-11-24
1381,13,Battery Part,Battery,New,318.02,2023-06-01
1382,83,Battery Part,Battery,Good,219.31,2023-07-20
1383,138,Wheel Part,Wheel,Good,358.97,2023-08-18
1384,51,Tire Part,Tire,Poor,348.12,2023-08-26
1385,44,Axle Part,Axle,Used,251.4,2023-07-01
1386,129,Seat Part,Seat,New,327.01,2023-04-12
1387,150,Mirror Part,Mirror,New,193.46,2023-07-16
1388,68,Seat Part,Seat,New,170.06,2023-08-20
1389,17,Transmission Part,Transmission,Used,220.34,2023-07-16
1390,52,Door Part,Door,Poor,298.67,2023-06-20
1391,118,Axle Part,Axle,New,284.14,2023-04-17
1392,83,Wheel Part,Wheel,Used,165.18,2023-10-07
1393,92,Window Part,Window,Good,324.06,2023-06-10
1394,130,Window Part,Window,New,163.84,2023-06-08
1395,83,Transmission Part,Transmission,Good,347.71,2023-08-09
1396,28,Wheel Part,Wheel,Used,338.14,2023-08-12
1397,99,Door Part,Door,Used,356.08,2023-03-17
1398,88,Window Part,Window,Good,160.6,2023-04-26
1399,69,Window Part,Window,Poor,150.46,2023-06-01
1400,85,Transmission Part,Transmission,Good,251.8,2023-07-11
1401,90,Tire Part,Tire,New,189.93,2023-07-03
1402,105,Transmission Part,Transmission,Good,302.64,2023-07-21
1403,87,Window Part,Window,Good,178.82,2023-10-22
1404,67,Tire Part,Tire,Used,273.68,2023-08-18
1405,41,Transmission Part,Transmission,Good,169.94,2023-09-07
1406,134,Seat Part,Seat,Used,163.97,2023-06-24
1407,42,Battery Part,Battery,New,180.62,2023-01-26
1408,111,Battery Part,Battery,New,288.86,2023-03-02
1409,144,Tire Part,Tire,New,306.97,2023-03-14
1410,3,Engine Part,Engine,New,187.57,2023-08-11
1411,69,Transmission Part,Transmission,Good,323.28,2023-05-28
1412,147,Engine Part,Engine,New,330.73,2023-09-26
1413,50,Axle Part,Axle,Used,286.32,2023-04-26
1414,145,Axle Part,Axle,Good,258.09,2023-07-13
1415,61,Axle Part,Axle,New,174.91,2023-06-06
1416,2,Door Part,Door,Good,301.39,2023-01-16
1417,36,Transmission Part,Transmission,Good,209.84,2023-09-06
1418,1,Window Part,Window,Good,199.8,2023-08-24
1419,58,Wheel Part,Wheel,Used,255.65,2023-07-19
1420,39,Seat Part,Seat,Poor,164.76,2023-08-09
1421,50,Transmission Part,Transmission,Poor,278.81,2023-07-11
1422,49,Window Part,Window,Used,284.7,2023-08-25
1423,101,Window Part,Window,Poor,166.46,2023-06-06
1424,49,Axle Part,Axle,Used,329.63,2023-06-21
1425,8,Door Part,Door,Poor,268.27,2023-09-13
1426,138,Window Part,Window,Good,207.42,2023-12-27
1427,75,Transmission Part,Transmission,Poor,230.08,2023-07-27
1428,64,Transmission Part,Transmission,New,247.94,2023-06-08
1429,16,Axle Part,Axle,New,265.1,2023-02-03
1430,75,Window Part,Window,Good,204.57,2023-03-22
1431,53,Mirror Part,Mirror,Used,335.32,2023-07-02
1432,119,Battery Part,Battery,Used,205.69,2023-08-16
1433,66,Mirror Part,Mirror,Used,145.1,2023-08-08
1434,121,Transmission Part,Transmission,Used,270.42,2023-07-19
1435,145,Wheel Part,Wheel,New,311.03,2023-08-14
1436,34,Mirror Part,Mirror,New,236.97,2023-06-04
1437,88,Window Part,Window,Good,171.15,2023-07-01
1438,90,Transmission Part,Transmission,Poor,207.53,2023-05-09
1439,133,Mirror Part,Mirror,Poor,161.81,2023-06-28
1440,75,Tire Part,Tire,New,268.38,2023-12-11
1441,119,Battery Part,Battery,Poor,176.83,2023-09-24
1442,60,Mirror Part,Mirror,New,223.82,2023-05-03
1443,22,Door Part,Door,Good,281.87,2023-07-02
1444,57,Battery Part,Battery,Poor,314.23,2023-07-15
1445,35,Tire Part,Tire,Poor,182.35,2023-07-09
1446,55,Tire Part,Tire,New,244.97,2023-06-01
1447,115,Battery Part,Battery,Used,154.35,2023-06-12
1448,96,Axle Part,Axle,New,326.32,2023-09-10
1449,57,Axle Part,Axle,New,147.93,2023-06-18
1450,125,Window Part,Window,Used,264.98,2023-06-22
1451,58,Seat Part,Seat,Good,271.75,2023-08-20
1452,52,Transmission Part,Transmission,New,180.38,2023-03-07
1453,144,Engine Part,Engine,Used,182.01,2023-07-07
1454,80,Axle Part,Axle,Poor,282.34,2023-01-04
1455,147,Axle Part,Axle,New,339.07,2023-06-10
1456,123,Window Part,Window,New,305.18,2023-03-11
1457,146,Seat Part,Seat,Used,295.0,2023-07-04
1458,15,Window Part,Window,Good,230.81,2023-06-04
1459,84,Seat Part,Seat,Poor,337.84,2023-09-08
1460,146,Seat Part,Seat,Used,323.99,2023-02-06
1461,41,Battery Part,Battery,Good,313.4,2023-08-12
1462,115,Transmission Part,Transmission,Used,328.58,2023-02-27
1463,52,Mirror Part,Mirror,Poor,356.89,2023-06-15
1464,17,Door Part,Door,Used,344.26,2023-08-11
1465,61,Seat Part,Seat,Poor,156.16,2023-06-04
1466,76,Mirror Part,Mirror,Good,321.39,2023-08-03
1467,142,Wheel Part,Wheel,Poor,326.88,2023-08-15
1468,5,Mirror Part,Mirror,Used,176.49,2023-08-07
1469,88,Axle Part,Axle,New,256.68,2023-05-19
1470,114,Wheel Part,Wheel,Good,245.05,2023-08-05
1471,8,Battery Part,Battery,Poor,198.51,2023-09-12
1472,99,Seat Part,Seat,Poor,320.74,2023-08-16
1473,146,Wheel Part,Wheel,Used,300.96,2023-06-19
1474,7,Wheel Part,Wheel,Good,182.79,2023-06-25
1475,86,Mirror Part,Mirror,Poor,156.28,2023-12-08
1476,90,Engine Part,Engine,Good,292.11,2023-06-05
1477,134,Door Part,Door,Used,169.4,2023-05-13
1478,134,Mirror Part,Mirror,New,232.59,2023-09-24
1479,60,Window Part,Window,Used,288.38,2023-10-07
1480,126,Window Part,Window,New,174.97,2023-11-14
1481,65,Wheel Part,Wheel,Good,237.49,2023-07-23
1482,73,Transmission Part,Transmission,Used,153.49,2023-10-19
1483,17,Axle Part,Axle,New,256.22,2023-06-18
1484,44,Battery Part,Battery,Good,314.82,2023-06-19
1485,56,Wheel Part,Wheel,Good,350.61,2023-07-18
1486,122,Axle Part,Axle,New,240.84,2023-07-27
1487,66,Transmission Part,Transmission,Used,219.56,2023-07-14
1488,42,Seat Part,Seat,Used,255.7,2023-06-13
1489,35,Window Part,Window,Used,233.73,2023-08-18
1490,131,Engine Part,Engine,New,278.4,2023-06-21
1491,51,Door Part,Door,Used,149.06,2023-07-24
1492,47,Mirror Part,Mirror,Poor,169.92,2023-10-28
1493,52,Door Part,Door,Used,256.81,2023-11-14
1494,68,Door Part,Door,Good,271.8,2023-10-20
1495,125,Window Part,Window,Poor,292.78,2023-06-20
1496,110,Mirror Part,Mirror,Poor,161.08,2023-11-02
1497,63,Battery Part,Battery,New,326.24,2023-08-12
1498,23,Transmission Part,Transmission,Used,271.95,2023-07-23
1499,136,Window Part,Window,Poor,342.41,2023-08-13
1500,99,Wheel Part,Wheel,Poor,279.68,2023-01-19
1501,35,Door Part,Door,Used,223.35,2023-02-02
1502,98,Seat Part,Seat,Good,262.93,2023-08-07
1503,77,Mirror Part,Mirror,Poor,255.98,2023-06-18
1504,141,Axle Part,Axle,Used,309.05,2023-05-07
1505,65,Window Part,Window,Good,163.41,2023-10-10
1506,130,Seat Part,Seat,New,254.39,2023-11-01
1507,1,Axle Part,Axle,Good,289.21,2023-12-08
1508,99,Door Part,Door,Good,354.34,2023-06-16
1509,148,Axle Part,Axle,Used,211.05,2023-03-06
1510,7,Wheel Part,Wheel,New,187.94,2023-08-10
1511,76,Mirror Part,Mirror,Poor,197.07,2023-06-07
1512,133,Seat Part,Seat,Used,168.77,2023-08-12
1513,146,Wheel Part,Wheel,Poor,166.08,2023-07-04
1514,94,Seat Part,Seat,Poor,242.36,2023-06-06
1515,29,Engine Part,Engine,Used,243.04,2023-06-01
1516,74,Seat Part,Seat,Used,248.86,2023-08-13
1517,14,Transmission Part,Transmission,New,184.28,2023-04-14
1518,53,Battery Part,Battery,Good,170.89,2023-08-18
1519,98,Axle Part,Axle,Used,258.94,2023-03-05
1520,4,Engine Part,Engine,Used,319.15,2023-07-24
1521,36,Axle Part,Axle,New,189.91,2023-06-17
1522,89,Battery Part,Battery,Used,311.54,2023-08-01
1523,33,Tire Part,Tire,New,218.42,2023-05-28
1524,145,Tire Part,Tire,Poor,235.04,2023-10-28
1525,78,Transmission Part,Transmission,Used,165.12,2023-07-05
1526,130,Transmission Part,Transmission,Used,295.26,2023-12-24
1527,23,Door Part,Door,Used,257.49,2023-06-16
1528,109,Axle Part,Axle,Used,292.81,2023-06-21
1529,132,Window Part,Window,Poor,296.79,2023-07-22
1530,29,Mirror Part,Mirror,New,262.18,2023-04-05
1531,28,Wheel Part,Wheel,New,187.3,2023-06-09
1532,109,Mirror Part,Mirror,Poor,170.98,2023-12-12
1533,81,Engine Part,Engine,Poor,286.67,2023-12-18
1534,41,Mirror Part,Mirror,Poor,164.54,2023-03-06
1535,54,Wheel Part,Wheel,New,300.68,2023-03-16
1536,64,Wheel Part,Wheel,Good,272.9,2023-08-22
1537,124,Axle Part,Axle,Good,178.4,2023-12-15
1538,41,Tire Part,Tire,Good,322.34,2023-11-16
1539,128,Mirror Part,Mirror,New,226.68,2023-01-14
1540,89,Transmission Part,Transmission,Poor,333.84,2023-07-01
1541,92,Window Part,Window,Good,167.99,2023-02-10
1542,125,Mirror Part,Mirror,Poor,319.73,2023-07-04
1543,86,Window Part,Window,New,197.19,2023-06-22
1544,143,Axle Part,Axle,Good,320.11,2023-09-24
1545,122,Door Part,Door,Used,221.83,2023-08-21
1546,7,Axle Part,Axle,Poor,222.46,2023-06-16
1547,51,Seat Part,Seat,Poor,289.8,2023-01-17
1548,101,Wheel Part,Wheel,Poor,248.65,2023-06-08
1549,4,Wheel Part,Wheel,New,180.87,2023-07-07
1550,55,Door Part,Door,Good,261.16,2023-08-24
1551,58,Tire Part,Tire,Good,341.41,2023-07-23
1552,4,Mirror Part,Mirror,Used,261.16,2023-07-24
1553,87,Battery Part,Battery,Used,335.88,2023-07-26
1554,67,Transmission Part,Transmission,New,179.12,2023-06-09
1555,54,Seat Part,Seat,Good,275.2,2023-07-21
1556,37,Tire Part,Tire,New,282.72,2023-07-14
1557,142,Mirror Part,Mirror,Used,236.12,2023-12-20
1558,81,Door Part,Door,Good,234.36,2023-07-18
1559,31,Engine Part,Engine,New,182.8,2023-07-07
1560,7,Battery Part,Battery,Poor,169.52,2023-07-13
1561,140,Axle Part,Axle,Used,287.2,2023-06-18
1562,114,Tire Part,Tire,New,223.96,2023-08-01
1563,79,Wheel Part,Wheel,Good,207.76,2023-02-23
1564,68,Door Part,Door,Used,311.46,2023-08-18
1565,100,Axle Part,Axle,Used,173.56,2023-12-02
1566,136,Seat Part,Seat,Good,178.29,2023-08-27
1567,123,Door Part,Door,New,161.94,2023-07-08
1568,109,Battery Part,Battery,New,226.65,2023-05-27
1569,104,Mirror Part,Mirror,Poor,196.71,2023-06-26
1570,122,Window Part,Window,Poor,263.61,2023-03-03
1571,57,Engine Part,Engine,Good,217.93,2023-08-11
1572,80,Seat Part,Seat,New,300.69,2023-07-23
1573,43,Seat Part,Seat,Poor,208.62,2023-05-25
1574,98,Mirror Part,Mirror,Good,239.15,2023-07-20
1575,8,Wheel Part,Wheel,Good,220.48,2023-12-06
1576,62,Engine Part,Engine,Poor,343.59,2023-06-15
1577,84,Axle Part,Axle,Poor,295.33,2023-06-03
1578,144,Battery Part,Battery,Poor,247.38,2023-08-21
1579,16,Tire Part,Tire,Used,252.62,2023-07-18
1580,134,Tire Part,Tire,Poor,323.58,2023-08-24
1581,63,Engine Part,Engine,Poor,286.0,2023-06-13
1582,90,Door Part,Door,Poor,202.52,2023-03-11
1583,88,Window Part,Window,Poor,230.98,2023-01-16
1584,54,Seat Part,Seat,Poor,217.2,2023-07-23
1585,94,Seat Part,Seat,Used,292.97,2023-04-11
1586,91,Battery Part,Battery,Poor,194.04,2023-08-18
1587,70,Axle Part,Axle,Good,194.19,2023-08-26
1588,33,Mirror Part,Mirror,Good,224.97,2023-05-01
1589,128,Mirror Part,Mirror,New,250.08,2023-11-26
1590,75,Door Part,Door,Good,217.55,2023-07-07
1591,47,Window Part,Window,Used,199.9,2023-08-15
1592,142,Tire Part,Tire,New,311.83,2023-06-01
1593,54,Axle Part,Axle,Good,317.67,2023-07-27
1594,54,Door Part,Door,Used,153.45,2023-08-01
1595,146,Door Part,Door,Good,160.17,2023-07-08
1596,58,Engine Part,Engine,Poor,330.42,2023-12-17
1597,41,Transmission Part,Transmission,New,247.45,2023-02-26
1598,141,Wheel Part,Wheel,New,216.17,2023-10-13
1599,51,Door Part,Door,Poor,351.08,2023-07-26
1600,42,Wheel Part,Wheel,Used,160.71,2023-08-15
1601,99,Seat Part,Seat,Poor,317.86,2023-08-23
1602,129,Seat Part,Seat,Poor,238.64,2023-06-26
1603,62,Transmission Part,Transmission,Used,187.57,2023-08-05
1604,48,Window Part,Window,Good,348.58,2023-08-14
1605,55,Battery Part,Battery,Good,289.96,2023-08-16
1606,114,Battery Part,Battery,Poor,218.33,2023-08-04
1607,21,Engine Part,Engine,Poor,312.96,2023-08-22
1608,136,Tire Part,Tire,New,202.96,2023-06-11
1609,121,Wheel Part,Wheel,Poor,349.5,2023-06-26
1610,64,Wheel Part,Wheel,New,339.38,2023-12-20
1611,99,Battery Part,Battery,Used,217.87,2023-10-12
1612,32,Door Part,Door,Good,189.59,2023-07-18
1613,45,Tire Part,Tire,Poor,272.49,2023-10-28
1614,64,Battery Part,Battery,Good,296.5,2023-03-07
1615,100,Window Part,Window,Poor,266.68,2023-07-08
1616,71,Door Part,Door,Good,235.2,2023-07-04
1617,79,Tire Part,Tire,Used,179.17,2023-01-14
1618,9,Axle Part,Axle,Used,275.17,2023-08-02
1619,12,Battery Part,Battery,New,350.41,2023-09-15
1620,108,Tire Part,Tire,Used,227.51,2023-02-07
1621,148,Transmission Part,Transmission,Poor,167.36,2023-07-07
1622,61,Mirror Part,Mirror,Used,174.19,2023-08-16
1623,97,Axle Part,Axle,Good,333.6,2023-06-24
1624,54,Axle Part,Axle,Good,196.81,2023-07-15
1625,123,Transmission Part,Transmission,Used,267.07,2023-07-28
1626,92,Mirror Part,Mirror,New,286.86,2023-08-13
1627,43,Transmission Part,Transmission,New,212.73,2023-07-13
1628,113,Mirror Part,Mirror,Good,316.18,2023-02-07
1629,110,Tire Part,Tire,Poor,320.55,2023-07-08
1630,25,Door Part,Door,Poor,207.69,2023-12-23
1631,74,Mirror Part,Mirror,Poor,214.42,2023-04-10
1632,15,Mirror Part,Mirror,Poor,222.27,2023-12-28
1633,47,Tire Part,Tire,New,317.97,2023-07-04
1634,131,Wheel Part,Wheel,Used,299.38,2023-07-23
1635,22,Transmission Part,Transmission,New,264.47,2023-07-20
1636,101,Tire Part,Tire,Good,342.37,2023-06-07
1637,43,Door Part,Door,Used,251.7,2023-01-16
1638,69,Wheel Part,Wheel,Poor,335.52,2023-11-03
1639,129,Door Part,Door,Good,196.7,2023-08-23
1640,55,Engine Part,Engine,New,324.91,2023-06-15
1641,63,Battery Part,Battery,Poor,215.17,2023-06-20
1642,7,Window Part,Window,Poor,277.36,2023-09-22
1643,127,Wheel Part,Wheel,Good,190.25,2023-08-26
1644,58,Mirror Part,Mirror,Good,250.28,2023-03-04
1645,56,Axle Part,Axle,Poor,342.52,2023-06-10
1646,106,Window Part,Window,New,208.3,2023-08-10
1647,122,Transmission Part,Transmission,Good,149.68,2023-07-01
1648,109,Door Part,Door,New,146.0,2023-03-03
1649,42,Tire Part,Tire,New,160.21,2023-07-13
1650,35,Tire Part,Tire,New,253.94,2023-08-27
1651,84,Wheel Part,Wheel,New,243.84,2023-08-28
1652,102,Axle Part,Axle,Poor,173.3,2023-08-02
1653,142,Window Part,Window,Poor,149.11,2023-07-09
1654,110,Window Part,Window,Poor,332.66,2023-06-07
1655,134,Window Part,Window,Poor,190.64,2023-03-23
1656,90,Tire Part,Tire,Good,331.93,2023-04-15
1657,102,Transmission Part,Transmission,Good,285.82,2023-11-22
1658,30,Wheel Part,Wheel,New,160.19,2023-05-02
1659,77,Engine Part,Engine,Used,178.37,2023-03-04
1660,26,Battery Part,Battery,Used,292.65,2023-06-20
1661,53,Engine Part,Engine,Good,254.51,2023-08-23
1662,50,Seat Part,Seat,Poor,300.25,2023-08-24
1663,129,Transmission Part,Transmission,Used,238.84,2023-06-14
1664,123,Battery Part,Battery,New,217.46,2023-01-06
1665,149,Seat Part,Seat,New,333.73,2023-07-03
1666,30,Transmission Part,Transmission,Good,323.28,2023-08-07
1667,44,Door Part,Door,Poor,226.79,2023-03-06
1668,131,Tire Part,Tire,Good,287.85,2023-06-17
1669,29,Seat Part,Seat,Poor,203.11,2023-07-16
1670,141,Mirror Part,Mirror,Used,241.83,2023-01-15
1671,66,Door Part,Door,Used,214.76,2023-12-18
1672,122,Seat Part,Seat,Used,171.88,2023-04-24
1673,130,Axle Part,Axle,New,291.81,2023-03-07
1674,50,Transmission Part,Transmission,Good,160.3,2023-12-24
1675,56,Seat Part,Seat,Used,182.58,2023-08-28
1676,81,Mirror Part,Mirror,Used,259.7,2023-08-13
1677,105,Window Part,Window,Good,242.99,2023-12-03
1678,118,Engine Part,Engine,Good,296.99,2023-07-16
1679,57,Engine Part,Engine,Good,279.44,2023-07-26
1680,55,Mirror Part,Mirror,Poor,223.64,2023-02-16
1681,123,Transmission Part,Transmission,New,309.44,2023-08-26
1682,127,Battery Part,Battery,Used,240.06,2023-05-07
1683,34,Engine Part,Engine,New,205.85,2023-06-23
1684,47,Mirror Part,Mirror,New,359.05,2023-08-18
1685,76,Window Part,Window,Good,212.35,2023-08-25
1686,66,Door Part,Door,Good,228.22,2023-12-24
1687,77,Engine Part,Engine,Used,292.03,2023-10-04
1688,62,Axle Part,Axle,Good,332.52,2023-05-06
1689,99,Battery Part,Battery,New,279.69,2023-07-16
1690,141,Wheel Part,Wheel,Good,312.46,2023-08-01
1691,123,Axle Part,Axle,Good,318.93,2023-07-08
1692,145,Transmission Part,Transmission,Good,203.11,2023-11-25
1693,44,Tire Part,Tire,Used,148.71,2023-09-25
1694,119,Tire Part,Tire,Used,212.61,2023-10-11
1695,24,Battery Part,Battery,New,229.41,2023-07-13
1696,87,Door Part,Door,New,240.51,2023-07-18
1697,129,Tire Part,Tire,New,338.59,2023-02-06
1698,4,Tire Part,Tire,Poor,173.29,2023-01-24
1699,22,Window Part,Window,New,291.46,2023-08-02
1700,71,Seat Part,Seat,Poor,267.91,2023-11-13
1701,15,Wheel Part,Wheel,Used,322.88,2023-02-23
1702,137,Transmission Part,Transmission,New,197.83,2023-07-02
1703,44,Axle Part,Axle,Used,261.46,2023-06-09
1704,77,Seat Part,Seat,Used,255.08,2023-08-01
1705,150,Seat Part,Seat,New,276.85,2023-08-04
1706,35,Mirror Part,Mirror,New,209.73,2023-12-21
1707,150,Battery Part,Battery,Used,217.19,2023-08-07
1708,74,Mirror Part,Mirror,New,175.06,2023-07-18
1709,128,Transmission Part,Transmission,New,326.43,2023-07-08
1710,120,Battery Part,Battery,Poor,233.41,2023-07-26
1711,24,Seat Part,Seat,New,283.27,2023-06-16
1712,31,Axle Part,Axle,New,195.9,2023-08-14
1713,95,Engine Part,Engine,Poor,201.74,2023-06-26
1714,3,Transmission Part,Transmission,New,178.33,2023-07-09
1715,119,Axle Part,Axle,Good,180.39,2023-04-19
1716,45,Door Part,Door,Used,252.83,2023-07-19
1717,27,Mirror Part,Mirror,Good,296.13,2023-04-16
1718,40,Engine Part,Engine,Good,173.25,2023-07-19
1719,68,Window Part,Window,Used,220.63,2023-10-02
1720,49,Wheel Part,Wheel,Poor,273.02,2023-07-05
1721,18,Window Part,Window,New,227.34,2023-07-18
1722,146,Wheel Part,Wheel,New,224.26,2023-07-03
1723,26,Engine Part,Engine,Poor,188.2,2023-05-20
1724,53,Seat Part,Seat,New,183.34,2023-05-26
1725,16,Mirror Part,Mirror,Used,192.0,2023-07-23
1726,18,Axle Part,Axle,Used,261.77,2023-06-13
1727,98,Mirror Part,Mirror,New,358.19,2023-06-09
1728,97,Seat Part,Seat,Good,219.28,2023-07-19
1729,72,Mirror Part,Mirror,Used,210.0,2023-05-10
1730,17,Engine Part,Engine,Used,351.18,2023-02-28
1731,91,Tire Part,Tire,New,216.83,2023-06-28
1732,2,Axle Part,Axle,Used,230.8,2023-12-03
1733,26,Seat Part,Seat,Used,338.83,2023-06-04
1734,73,Wheel Part,Wheel,Used,183.5,2023-06-17
1735,30,Engine Part,Engine,Good,295.42,2023-10-16
1736,100,Wheel Part,Wheel,Poor,290.55,2023-06-15
1737,85,Door Part,Door,Poor,217.75,2023-06-24
1738,42,Wheel Part,Wheel,Poor,246.1,2023-03-18
1739,78,Seat Part,Seat,Good,261.5,2023-06-21
1740,50,Window Part,Window,Poor,358.11,2023-11-20
1741,101,Axle Part,Axle,Good,178.38,2023-06-18
1742,49,Window Part,Window,Good,167.05,2023-08-06
1743,11,Wheel Part,Wheel,Poor,262.88,2023-08-17
1744,44,Axle Part,Axle,New,357.59,2023-07-20
1745,127,Tire Part,Tire,Used,308.0,2023-07-26
1746,148,Window Part,Window,Used,149.05,2023-08-16
1747,98,Mirror Part,Mirror,Poor,283.51,2023-07-23
1748,140,Axle Part,Axle,New,167.61,2023-06-22
1749,94,Mirror Part,Mirror,Good,338.46,2023-06-15
1750,145,Battery Part,Battery,Good,273.96,2023-06-24
1751,132,Wheel Part,Wheel,New,154.11,2023-07-02
1752,138,Seat Part,Seat,New,268.6,2023-07-24
1753,132,Battery Part,Battery,Poor,158.83,2023-07-12
1754,113,Mirror Part,Mirror,Used,257.16,2023-06-07
1755,105,Mirror Part,Mirror,Good,173.39,2023-08-01
1756,94,Transmission Part,Transmission,Used,157.51,2023-07-13
1757,117,Transmission Part,Transmission,Used,330.07,2023-03-24
1758,131,Window Part,Window,New,224.45,2023-05-24
1759,36,Window Part,Window,Used,308.6,2023-08-10
1760,132,Door Part,Door,Good,259.28,2023-12-20
1761,22,Tire Part,Tire,Used,314.85,2023-08-07
1762,56,Window Part,Window,Poor,153.17,2023-08-01
1763,16,Engine Part,Engine,Poor,255.64,2023-12-14
1764,112,Battery Part,Battery,Good,180.05,2023-08-03
1765,132,Mirror Part,Mirror,Good,195.69,2023-07-14
1766,89,Mirror Part,Mirror,Poor,173.54,2023-08-26
1767,129,Seat Part,Seat,Poor,147.7,2023-06-24
1768,18,Tire Part,Tire,New,303.76,2023-04-06
1769,149,Door Part,Door,New,273.98,2023-08-02
1770,25,Window Part,Window,Good,234.8,2023-07-14
1771,75,Tire Part,Tire,Used,347.15,2023-07-12
1772,41,Engine Part,Engine,Good,180.89,2023-12-01
1773,91,Axle Part,Axle,Poor,265.34,2023-05-13
1774,125,Transmission Part,Transmission,Poor,149.0,2023-07-06
1775,14,Axle Part,Axle,Poor,349.67,2023-03-14
1776,108,Tire Part,Tire,Good,234.69,2023-08-03
1777,103,Mirror Part,Mirror,New,337.02,2023-05-12
1778,17,Door Part,Door,Good,267.28,2023-06-05
1779,50,Transmission Part,Transmission,Poor,211.17,2023-06-13
1780,62,Wheel Part,Wheel,Used,275.99,2023-06-05
1781,134,Wheel Part,Wheel,Poor,183.84,2023-08-15
1782,38,Seat Part,Seat,Good,155.32,2023-06-16
1783,28,Mirror Part,Mirror,Good,279.53,2023-11-19
1784,114,Seat Part,Seat,Poor,163.83,2023-05-12
1785,19,Mirror Part,Mirror,New,335.37,2023-07-17
1786,15,Tire Part,Tire,Used,351.74,2023-10-27
1787,77,Mirror Part,Mirror,New,193.86,2023-06-14
1788,77,Window Part,Window,Used,342.07,2023-07-22
1789,68,Battery Part,Battery,Good,186.51,2023-10-15
1790,48,Battery Part,Battery,Poor,149.04,2023-10-05
1791,31,Axle Part,Axle,New,349.43,2023-08-02
1792,22,Seat Part,Seat,Good,272.53,2023-10-07
1793,104,Door Part,Door,New,177.93,2023-10-23
1794,60,Tire Part,Tire,New,213.93,2023-02-24
1795,114,Tire Part,Tire,Used,327.9,2023-07-15
1796,109,Seat Part,Seat,New,286.25,2023-01-01
1797,114,Mirror Part,Mirror,Poor,267.54,2023-08-06
1798,127,Battery Part,Battery,New,267.08,2023-06-26
1799,107,Wheel Part,Wheel,Used,293.86,2023-07-21
1800,70,Transmission Part,Transmission,Good,273.45,2023-04-01
1801,5,Wheel Part,Wheel,Good,259.81,2023-07-06
1802,116,Door Part,Door,New,317.37,2023-08-07
1803,119,Transmission Part,Transmission,New,295.73,2023-04-09
1804,63,Wheel Part,Wheel,Good,226.7,2023-10-10
1805,14,Seat Part,Seat,Poor,306.37,2023-09-19
1806,94,Transmission Part,Transmission,Poor,359.82,2023-07-15
1807,122,Engine Part,Engine,New,300.19,2023-08-12
1808,88,Window Part,Window,Good,152.4,2023-03-12
1809,100,Engine Part,Engine,New,320.38,2023-08-05
1810,84,Transmission Part,Transmission,Good,164.73,2023-08-18
1811,96,Wheel Part,Wheel,Good,218.4,2023-06-01
1812,134,Window Part,Window,Used,287.55,2023-08-05
1813,44,Seat Part,Seat,Poor,187.27,2023-03-27
1814,109,Transmission Part,Transmission,Used,286.61,2023-05-01
1815,90,Window Part,Window,New,338.47,2023-06-23
1816,129,Transmission Part,Transmission,Used,201.42,2023-02-24
1817,89,Battery Part,Battery,Used,338.14,2023-12-20
1818,133,Tire Part,Tire,Good,252.41,2023-12-17
1819,54,Window Part,Window,Poor,326.01,2023-06-07
1820,134,Window Part,Window,Poor,276.7,2023-06-20
